,POS,PLAYER,Mat,Inns,NO,Runs,HS,Avg,BF,SR,100,50,4s,6s,NEWPOS
0,1,Luke  Pomersbach,5,5,4,152,79,152.0,99,153.53,0,1,13,9,1.0
1,2,Simon  Katich,2,2,1,96,75,96.0,69,139.13,0,1,11,2,1.0
2,3,Michael  Hussey,4,3,1,168,116,84.0,100,168.0,1,0,12,11,1.0
3,4,Andrew  Symonds,4,3,1,161,117,80.5,105,153.33,1,0,15,9,1.0
4,5,Shaun  Marsh,11,11,2,616,115,68.44,441,139.68,1,5,59,26,1.0
5,6,Matthew  Hayden,4,4,1,189,81,63.0,131,144.27,0,2,24,6,1.0
6,7,Brendon  McCullum,4,4,1,188,158,62.66,92,204.34,1,0,13,15,1.0
7,8,NK  Patel,5,4,2,103,57,51.5,81,127.16,0,1,13,1,1.0
8,9,Graeme  Smith,11,11,2,441,91,49.0,362,121.82,0,3,54,8,1.0
9,10,Shane  Watson,15,15,5,472,76,47.2,311,151.76,0,4,47,19,1.0
10,11,Sanath  Jayasuriya,14,13,2,494,114,44.9,298,165.77,1,2,53,31,1.0
11,12,MS  Dhoni,16,14,4,414,65,41.4,310,133.54,0,2,38,15,1.0
12,13,Gautam  Gambhir,14,14,1,534,86,41.07,379,140.89,0,5,68,8,1.0
13,14,Suresh  Raina,16,14,3,421,55,38.27,296,142.22,0,3,35,18,1.0
14,15,Shikhar  Dhawan,14,14,5,340,68,37.77,295,115.25,0,4,35,8,1.0
15,16,Ross  Taylor,4,4,0,149,53,37.25,81,183.95,0,1,13,10,1.0
16,17,Rohit  Sharma,13,12,1,404,76,36.72,273,147.98,0,4,38,19,1.0
17,18,Venugopal  Rao,11,10,2,288,71,36.0,210,137.14,0,2,22,15,1.0
18,19,Kumar  Sangakkara,10,9,0,320,94,35.55,198,161.61,0,4,41,8,1.0
19,20,Manpreet  Gony,16,5,4,35,15,35.0,23,152.17,0,0,2,3,1.0
20,21,Robin  Uthappa,14,13,5,277,48,34.62,243,113.99,0,0,28,8,1.0
21,22,SA  Asnodkar,9,9,0,311,60,34.55,233,133.47,0,2,43,6,1.0
22,23,Albie  Morkel,13,10,3,241,71,34.42,163,147.85,0,1,18,14,1.0
23,24,Virender  Sehwag,14,14,2,406,94,33.83,220,184.54,0,3,46,21,1.0
24,25,Adam  Gilchrist,14,14,1,436,109,33.53,318,137.1,1,3,51,19,1.0
25,26,Mark  Boucher,10,10,3,225,50,32.14,177,127.11,0,1,24,6,1.0
26,27,Subramaniam  Badrinath,16,11,5,192,64,32.0,130,147.69,0,2,21,8,1.0
27,28,Wriddhiman  Saha,12,10,5,159,59,31.8,119,133.61,0,1,12,7,1.0
28,29,Sachin  Tendulkar,7,7,1,188,65,31.33,177,106.21,0,1,26,2,1.0
29,30,Yusuf  Pathan,16,15,1,435,68,31.07,243,179.01,0,4,43,25,1.0
30,31,VVS  Laxman,6,6,1,155,52,31.0,132,117.42,0,1,22,1,1.0
31,32,Dwayne  Bravo,9,6,1,154,64,30.8,118,130.5,0,1,17,4,1.0
32,33,Sourav  Ganguly,13,13,1,349,91,29.08,307,113.68,0,3,33,15,1.0
33,34,David  Hussey,13,13,2,319,71,29.0,259,123.16,0,2,19,17,2.0
34,35,Rahul  Dravid,14,14,1,371,75,28.53,298,124.49,0,2,35,11,2.0
35,36,Salman  Butt,7,7,0,193,73,27.57,161,119.87,0,1,30,2,2.0
36,37,Parthiv  Patel,13,13,2,302,54,27.45,297,101.68,0,2,42,3,2.0
37,38,Shreevats  Goswami,4,3,0,82,52,27.33,85,96.47,0,1,9,1,2.0
38,39,Manoj  Tiwary,9,7,3,104,39,26.0,85,122.35,0,0,16,0,2.0
39,40,WA  Mota,4,2,1,26,25,26.0,27,96.29,0,0,2,0,2.0
40,41,Kamran  Akmal,6,6,1,128,53,25.6,78,164.1,0,1,13,8,2.0
41,42,Mahela  Jayawardene,13,12,5,179,45,25.57,131,136.64,0,0,15,7,2.0
42,43,Dinesh  Karthik,13,8,2,145,56,24.16,107,135.51,0,1,13,4,2.0
43,44,Yuvraj  Singh,15,14,1,299,57,23.0,184,162.5,0,1,24,19,2.0
44,45,Piyush  Chawla,15,7,3,90,24,22.5,59,152.54,0,0,10,3,2.0
45,46,Irfan  Pathan,14,10,4,131,40,21.83,116,112.93,0,0,9,6,2.0
46,47,Stephen  Fleming,10,10,1,196,45,21.77,164,119.51,0,0,27,3,2.0
47,48,MF  Maharoof,10,8,2,125,39,20.83,79,158.22,0,0,10,7,2.0
48,49,Laxmi  Ratan Shukla,13,12,4,163,42,20.37,122,133.6,0,0,17,5,2.0
49,50,Abhishek  Nayar,14,9,1,161,38,20.12,118,136.44,0,0,10,8,2.0
50,51,James  Hopes,11,11,0,221,71,20.09,148,149.32,0,2,27,8,2.0
51,52,LPC  Silva,3,3,1,40,23,20.0,26,153.84,0,0,5,1,2.0
52,53,Dominic  Thornely,6,4,2,39,30,19.5,53,73.58,0,0,2,2,2.0
53,54,Ravindra  Jadeja,14,9,2,135,36,19.28,103,131.06,0,0,11,6,2.0
54,55,W  Jaffer,6,6,0,115,50,19.16,104,110.57,0,1,12,3,2.0
55,56,AB  de Villiers,6,6,1,95,26,19.0,98,96.93,0,0,5,1,2.0
56,57,Scott  Styris,8,8,2,112,36,18.66,123,91.05,0,0,9,2,2.0
57,58,Shaun  Pollock,13,7,0,130,33,18.57,96,135.41,0,0,12,7,2.0
58,59,Herschelle  Gibbs,9,9,0,167,47,18.55,153,109.15,0,0,17,8,2.0
59,60,Ramnaresh  Sarwan,4,4,0,73,31,18.25,75,97.33,0,0,6,1,2.0
60,61,Dwaraka  Ravi Teja,7,6,0,109,40,18.16,82,132.92,0,0,10,5,2.0
61,62,S  Vidyut,9,8,0,145,54,18.12,109,133.02,0,1,21,3,2.0
62,63,Jacques  Kallis,11,11,0,199,54,18.09,183,108.74,0,1,23,4,2.0
63,64,Jacob  Oram,4,3,2,18,13,18.0,12,150.0,0,0,1,1,2.0
64,65,Tillakaratne  Dilshan,7,7,1,104,33,17.33,79,131.64,0,0,14,3,2.0
65,66,Debabrata  Das,6,6,0,103,31,17.16,94,109.57,0,0,9,5,2.0
66,67,Rajat  Bhatia,9,3,1,34,17,17.0,28,121.42,0,0,2,2,3.0
67,68,Brett  Lee,4,3,2,17,16,17.0,13,130.76,0,0,2,1,3.0
68,69,Misbah-ul-Haq,8,8,1,117,47,16.71,81,144.44,0,0,10,6,3.0
69,70,Dinesh  Salunkhe,6,3,1,33,26,16.5,24,137.5,0,0,5,0,3.0
70,71,Cameron  White,8,8,1,114,31,16.28,102,111.76,0,0,8,4,3.0
71,72,Mohammad  Kaif,16,14,3,176,34,16.0,171,102.92,0,0,14,6,3.0
72,73,Balachandra  Akhil,7,7,4,46,27,15.33,31,148.38,0,0,4,3,3.0
73,74,Virat  Kohli,13,12,1,165,38,15.0,157,105.09,0,0,18,4,3.0
74,75,MA  Khote,4,2,1,15,8,15.0,17,88.23,0,0,2,0,3.0
75,76,Shane  Warne,15,7,2,70,22,14.0,59,118.64,0,0,7,2,3.0
76,77,Shoaib  Malik,7,5,1,52,24,13.0,47,110.63,0,0,5,0,3.0
77,78,Umar  Gul,6,4,1,39,24,13.0,19,205.26,0,0,1,5,3.0
78,79,Saurabh  Tiwary,3,2,0,26,17,13.0,20,130.0,0,0,3,1,3.0
79,80,K  Goel,7,6,0,76,26,12.66,78,97.43,0,0,7,4,3.0
80,81,Amit  Mishra,6,3,0,37,31,12.33,42,88.09,0,0,3,0,3.0
81,82,Sohail  Tanvir,11,5,2,36,13,12.0,29,124.13,0,0,3,1,3.0
82,83,Praveen  Kumar,13,12,2,112,34,11.2,98,114.28,0,0,10,6,3.0
83,84,Ishant  Sharma,13,6,5,11,4,11.0,11,100.0,0,0,1,0,3.0
84,85,DNT  Zoysa,3,2,1,11,10,11.0,9,122.22,0,0,1,0,3.0
85,86,Makhaya  Ntini,9,2,1,11,11,11.0,18,61.11,0,0,2,0,3.0
86,87,Ajit  Agarkar,9,6,1,54,20,10.8,46,117.39,0,0,5,2,3.0
87,88,Luke  Ronchi,4,3,0,32,13,10.66,29,110.34,0,0,6,1,3.0
88,89,Tatenda  Taibu,3,3,0,31,15,10.33,26,119.23,0,0,3,0,3.0
89,90,Shahid  Afridi,10,9,1,81,33,10.12,46,176.08,0,0,7,6,3.0
90,91,Murali  Kartik,6,3,0,30,17,10.0,27,111.11,0,0,3,0,3.0
91,92,Mohammad  Hafeez,8,3,1,20,13,10.0,22,90.9,0,0,2,1,3.0
92,93,Arjun  Yadav,8,6,1,49,16,9.8,39,125.64,0,0,5,2,3.0
93,94,Ricky  Ponting,4,4,0,39,20,9.75,53,73.58,0,0,2,1,3.0
94,95,Siddharth  Chitnis,3,2,0,18,15,9.0,10,180.0,0,0,1,1,3.0
95,96,Darren  Lehmann,2,2,0,18,17,9.0,18,100.0,0,0,3,0,3.0
96,97,Dimitri  Mascarenhas,1,1,0,9,9,9.0,8,112.5,0,0,0,1,3.0
97,98,Ashley  Noffke,1,1,0,9,9,9.0,10,90.0,0,0,1,0,3.0
98,99,Zaheer  Khan,11,8,4,34,17,8.5,43,79.06,0,0,4,0,3.0
99,100,Mahesh  Rawat,11,7,3,34,23,8.5,39,87.17,0,0,3,1,3.0
100,1,Manish  Pandey,5,4,2,168,114,84.0,118,142.37,1,0,17,4,1.0
101,2,Matthew  Hayden,12,12,1,572,89,52.0,395,144.81,0,5,60,22,1.0
102,3,AB  de Villiers,15,13,4,465,105,51.66,355,130.98,1,3,39,12,1.0
103,4,Tillakaratne  Dilshan,14,13,3,418,67,41.8,341,122.58,0,4,42,13,1.0
104,5,MS  Dhoni,14,13,5,332,58,41.5,261,127.2,0,2,22,9,1.0
105,6,JP  Duminy,13,12,3,372,62,41.33,325,114.46,0,5,26,11,1.0
106,7,Brad  Hodge,12,12,3,365,73,40.55,310,117.74,0,3,34,9,1.0
107,8,Mahela  Jayawardene,10,10,4,219,52,36.5,165,132.72,0,1,17,7,1.0
108,9,Dinesh  Karthik,15,13,5,288,52,36.0,217,132.71,0,1,20,9,1.0
109,10,Andrew  Symonds,8,8,1,249,60,35.57,166,150.0,0,1,15,11,1.0
110,11,Herschelle  Gibbs,14,14,3,371,69,33.72,331,112.08,0,4,32,12,1.0
111,12,Sachin  Tendulkar,13,13,2,364,68,33.09,303,120.13,0,2,39,10,1.0
112,13,Ajit  Agarkar,11,7,5,66,39,33.0,57,115.78,0,0,3,3,1.0
113,14,Ross  Taylor,11,11,2,280,81,31.11,208,134.61,0,1,20,15,1.0
114,15,Suresh  Raina,14,14,0,434,98,31.0,308,140.9,0,2,37,21,1.0
115,16,Andrew  Flintoff,3,3,1,62,24,31.0,53,116.98,0,0,5,2,1.0
116,17,Adam  Gilchrist,16,16,0,495,85,30.93,325,152.3,0,3,54,29,1.0
117,18,Kumar  Sangakkara,14,13,2,332,60,30.18,324,102.46,0,2,29,5,1.0
118,19,Mark  Boucher,12,9,4,150,48,30.0,116,129.31,0,0,8,6,1.0
119,20,Chaminda  Vaas,2,2,1,30,20,30.0,21,142.85,0,0,1,1,1.0
120,21,Chris  Gayle,7,7,1,171,44,28.5,143,119.58,0,0,15,10,1.0
121,22,Yuvraj  Singh,14,14,2,340,58,28.33,294,115.64,0,2,25,16,1.0
122,23,Rohit  Sharma,16,16,3,362,52,27.84,315,114.92,0,1,22,18,1.0
123,24,Jacques  Kallis,15,15,2,361,69,27.76,332,108.73,0,3,37,8,1.0
124,25,Ravi  Bopara,5,5,0,138,84,27.6,119,115.96,0,1,8,7,1.0
125,26,Dwayne  Bravo,11,10,2,218,70,27.25,203,107.38,0,2,15,8,1.0
126,27,Ravindra  Jadeja,13,13,2,295,42,26.81,266,110.9,0,0,21,6,1.0
127,28,Shreevats  Goswami,2,2,0,53,43,26.5,60,88.33,0,0,6,0,1.0
128,29,Mithun  Manhas,10,6,3,75,26,25.0,62,120.96,0,0,7,1,1.0
129,30,David  Hussey,4,4,0,98,43,24.5,59,166.1,0,0,7,6,1.0
130,31,Albie  Morkel,12,10,6,97,21,24.25,70,138.57,0,0,8,4,1.0
131,32,Naman  Ojha,8,8,1,168,68,24.0,144,116.66,0,2,11,11,1.0
132,33,Ajinkya  Rahane,8,7,1,144,62,24.0,123,117.07,0,2,12,3,1.0
133,34,Wriddhiman  Saha,8,7,4,72,25,24.0,41,175.6,0,0,3,4,2.0
134,35,Brendon  McCullum,13,13,1,285,84,23.75,239,119.24,0,2,27,12,2.0
135,36,Tirumalasetti  Suman,12,12,2,237,41,23.7,190,124.73,0,0,18,8,2.0
136,37,Johan  Botha,3,3,1,47,37,23.5,40,117.5,0,0,5,0,2.0
137,38,David  Warner,7,7,0,163,51,23.28,132,123.48,0,1,16,5,2.0
138,39,Ramesh  Powar,9,4,3,23,10,23.0,22,104.54,0,0,2,0,2.0
139,40,Rahul  Dravid,13,12,0,271,66,22.58,234,115.81,0,1,28,3,2.0
140,41,George  Bailey,3,2,0,45,30,22.5,39,115.38,0,0,7,0,2.0
141,42,Virat  Kohli,16,13,2,246,50,22.36,219,112.32,0,1,22,8,2.0
142,43,Gautam  Gambhir,15,15,2,286,71,22.0,278,102.87,0,1,32,2,2.0
143,44,Dwaraka  Ravi Teja,9,6,3,65,27,21.66,70,92.85,0,0,7,0,2.0
144,45,Abhishek  Nayar,13,11,2,193,35,21.44,152,126.97,0,0,14,7,2.0
145,46,Ryan  Harris,8,5,4,21,9,21.0,18,116.66,0,0,0,0,2.0
146,47,MF  Maharoof,3,2,1,21,18,21.0,21,100.0,0,0,0,0,2.0
147,48,Yusuf  Pathan,13,13,1,243,62,20.25,183,132.78,0,1,24,12,2.0
148,49,LA  Carseldine,5,5,1,81,39,20.25,68,119.11,0,0,11,0,2.0
149,50,Shadab  Jakati,9,2,1,20,13,20.0,15,133.33,0,0,3,0,2.0
150,51,Joginder  Sharma,4,2,1,20,16,20.0,18,111.11,0,0,0,1,2.0
151,52,Yogesh  Nagar,1,1,0,20,20,20.0,20,100.0,0,0,1,0,2.0
152,53,Virender  Sehwag,11,11,1,198,50,19.8,138,143.47,0,1,24,7,2.0
153,54,Subramaniam  Badrinath,14,11,2,177,59,19.66,164,107.92,0,1,20,4,2.0
154,55,Irfan  Pathan,14,12,2,196,39,19.6,158,124.05,0,0,17,6,2.0
155,56,Abhishek  Raut,9,7,3,78,36,19.5,61,127.86,0,0,5,3,2.0
156,57,Graeme  Smith,12,12,1,212,77,19.27,216,98.14,0,1,27,1,2.0
157,58,Moises  Henriques,4,3,1,38,30,19.0,40,95.0,0,0,2,1,2.0
158,59,Sanath  Jayasuriya,12,12,0,221,52,18.41,192,115.1,0,2,23,7,2.0
159,60,Pinal  Shah,9,5,2,53,29,17.66,51,103.92,0,0,4,2,2.0
160,61,Sourav  Ganguly,13,11,0,189,46,17.18,207,91.3,0,0,13,6,2.0
161,62,Daniel  Vettori,7,4,2,34,29,17.0,32,106.25,0,0,3,0,2.0
162,63,Azhar  Bilakhia,6,6,2,67,22,16.75,81,82.71,0,0,5,0,2.0
163,64,Laxmi  Ratan Shukla,9,6,1,83,48,16.6,85,97.64,0,0,5,3,2.0
164,65,Simon  Katich,9,9,0,145,50,16.11,117,123.93,0,1,15,6,2.0
165,66,Anil  Kumble,16,7,6,16,7,16.0,19,84.21,0,0,2,0,2.0
166,67,Angelo  Mathews,1,1,0,16,16,16.0,13,123.07,0,0,2,0,3.0
167,68,Robin  Uthappa,15,13,2,175,66,15.9,170,102.94,0,1,18,3,3.0
168,69,Parthiv  Patel,9,9,0,142,36,15.77,126,112.69,0,0,19,2,3.0
169,70,K  Goel,9,9,1,124,38,15.5,133,93.23,0,0,9,4,3.0
170,71,Kevin  Pietersen,6,6,0,93,37,15.5,85,109.41,0,0,8,2,3.0
171,72,Roelof  van der Merwe,10,8,0,122,35,15.25,98,124.48,0,0,8,8,3.0
172,73,Murali  Vijay,4,4,0,60,31,15.0,67,89.55,0,0,4,2,3.0
173,74,GR  Napier,1,1,0,15,15,15.0,16,93.75,0,0,1,0,3.0
174,75,Rob  Quiney,7,7,0,103,51,14.71,102,100.98,0,1,12,3,3.0
175,76,Jacob  Oram,11,8,2,88,41,14.66,93,94.62,0,0,5,4,3.0
176,77,Sunny  Sohal,8,8,0,115,43,14.37,93,123.65,0,0,9,8,3.0
177,78,Brett  Lee,5,4,2,28,14,14.0,34,82.35,0,0,2,1,3.0
178,79,Scott  Styris,2,1,0,14,14,14.0,8,175.0,0,0,0,1,3.0
179,80,Shane  Warne,13,11,3,108,34,13.5,116,93.1,0,0,6,4,3.0
180,81,Praveen  Kumar,13,8,3,65,14,13.0,46,141.3,0,0,1,6,3.0
181,82,Saurabh  Tiwary,4,3,2,13,6,13.0,12,108.33,0,0,0,0,3.0
182,83,SA  Asnodkar,8,8,0,98,44,12.25,93,105.37,0,0,11,4,3.0
183,84,RR  Raje,4,2,1,12,11,12.0,9,133.33,0,0,0,1,3.0
184,85,Yashpal  Singh,8,4,0,47,20,11.75,66,71.21,0,0,5,0,3.0
185,86,Venugopal  Rao,16,13,2,124,32,11.27,114,108.77,0,0,6,3,3.0
186,87,Jesse  Ryder,5,5,0,56,32,11.2,49,114.28,0,0,9,0,3.0
187,88,Munaf  Patel,11,5,2,33,23,11.0,26,126.92,0,0,5,0,3.0
188,89,Aakash  Chopra,2,1,0,11,11,11.0,19,57.89,0,0,2,0,3.0
189,90,Harbhajan  Singh,13,10,2,84,20,10.5,53,158.49,0,0,6,5,3.0
190,91,Luke  Pomersbach,4,4,0,41,26,10.25,49,83.67,0,0,3,1,3.0
191,92,Shikhar  Dhawan,5,4,0,40,22,10.0,45,88.88,0,0,3,0,3.0
192,93,D  du Preez,2,1,0,10,10,10.0,13,76.92,0,0,0,0,3.0
193,94,Dimitri  Mascarenhas,5,4,0,39,27,9.75,39,100.0,0,0,4,0,3.0
194,95,Vinay  Kumar,11,8,3,47,12,9.4,44,106.81,0,0,4,1,3.0
195,96,NK  Patel,4,2,0,18,14,9.0,38,47.36,0,0,1,0,3.0
196,97,Manoj  Tiwary,2,1,0,9,9,9.0,13,69.23,0,0,1,0,3.0
197,98,Amit  Mishra,11,5,2,26,13,8.66,20,130.0,0,0,2,2,3.0
198,99,Balachandra  Akhil,6,3,1,17,9,8.5,15,113.33,0,0,1,1,3.0
199,100,Ishant  Sharma,11,3,1,16,9,8.0,13,123.07,0,0,1,1,3.0
200,1,Kevin  Pietersen,7,7,3,236,66,59.0,157,150.31,0,2,23,8,1.0
201,2,Owais  Shah,5,5,3,115,58,57.5,95,121.05,0,1,7,5,1.0
202,3,Shaun  Marsh,4,4,1,147,88,49.0,114,128.94,0,2,14,6,1.0
203,4,Jacques  Kallis,16,16,4,572,89,47.66,494,115.78,0,6,67,9,1.0
204,5,Sachin  Tendulkar,15,15,2,618,89,47.53,466,132.61,0,5,86,3,1.0
205,6,Suresh  Raina,16,16,5,520,83,47.27,364,142.85,0,4,45,22,1.0
206,7,Adam  Voges,9,7,3,181,45,45.25,143,126.57,0,0,15,3,1.0
207,8,Mahela  Jayawardene,13,13,3,439,110,43.9,298,147.31,1,1,55,11,1.0
208,9,Paul  Collingwood,8,7,2,203,75,40.6,156,130.12,0,3,9,13,1.0
209,10,Ajit  Agarkar,7,4,3,40,17,40.0,29,137.93,0,0,4,0,1.0
210,11,Mithun  Manhas,9,8,4,157,32,39.25,149,105.36,0,0,14,0,1.0
211,12,Sourav  Ganguly,14,14,1,493,88,37.92,419,117.66,0,4,58,15,1.0
212,13,Shane  Watson,6,5,0,185,60,37.0,114,162.28,0,2,18,9,1.0
213,14,Murali  Vijay,15,15,2,458,127,35.23,292,156.84,1,2,36,26,1.0
214,15,Bodapati  Sumanth,5,4,3,35,16,35.0,37,94.59,0,0,3,0,1.0
215,16,Irfan  Pathan,14,13,5,276,60,34.5,186,148.38,0,1,21,10,1.0
216,17,Tirumalasetti  Suman,14,14,5,307,78,34.11,257,119.45,0,2,23,12,1.0
217,18,Angelo  Mathews,14,11,4,233,65,33.28,184,126.63,0,1,18,8,1.0
218,19,Daniel  Vettori,3,3,2,33,19,33.0,27,122.22,0,0,4,0,1.0
219,20,Chris  Gayle,9,9,0,292,88,32.44,184,158.69,0,2,30,16,1.0
220,21,Subramaniam  Badrinath,16,15,4,356,55,32.36,303,117.49,0,2,41,5,1.0
221,22,MS  Dhoni,13,11,2,287,66,31.88,210,136.66,0,2,26,8,1.0
222,23,Naman  Ojha,14,14,2,377,94,31.41,285,132.28,0,2,42,15,1.0
223,24,JP  Duminy,7,7,2,157,42,31.4,131,119.84,0,0,13,5,1.0
224,25,Robin  Uthappa,16,14,2,374,68,31.16,218,171.55,0,3,21,27,1.0
225,26,Ravi  Bopara,10,9,1,248,77,31.0,214,115.88,0,2,25,3,1.0
226,27,Gautam  Gambhir,11,10,1,277,72,30.77,217,127.64,0,2,32,2,1.0
227,28,Andrew  Symonds,16,16,2,429,54,30.64,341,125.8,0,4,35,18,1.0
228,29,Cheteshwar  Pujara,10,6,2,122,45,30.5,115,106.08,0,0,14,3,1.0
229,30,Saurabh  Tiwary,16,15,1,419,61,29.92,309,135.59,0,3,29,18,1.0
230,31,Kumar  Sangakkara,13,12,0,357,56,29.75,257,138.91,0,2,47,5,1.0
231,32,Abhishek  Nayar,3,3,1,58,27,29.0,51,113.72,0,0,4,2,1.0
232,33,Rohit  Sharma,16,16,2,404,73,28.85,302,133.77,0,3,36,14,1.0
233,34,Brendon  McCullum,5,5,1,114,57,28.5,110,103.63,0,1,14,2,2.0
234,35,Rahul  Dravid,16,11,2,256,52,28.44,199,128.64,0,1,34,3,2.0
235,36,David  Warner,11,11,1,282,107,28.2,191,147.64,1,1,27,14,2.0
236,37,Abhishek  Raut,6,5,3,56,32,28.0,48,116.66,0,0,3,3,2.0
237,38,Virat  Kohli,16,13,2,307,58,27.9,212,144.81,0,1,26,12,2.0
238,39,Yusuf  Pathan,14,14,2,333,100,27.75,201,165.67,1,1,22,24,2.0
239,40,Ambati  Rayudu,14,14,1,356,55,27.38,246,144.71,0,2,34,13,2.0
240,41,S  Sriram,1,1,0,27,27,27.0,29,93.1,0,0,3,0,2.0
241,42,Herschelle  Gibbs,10,10,0,267,50,26.7,235,113.61,0,1,26,9,2.0
242,43,Manoj  Tiwary,13,11,2,237,75,26.33,186,127.41,0,2,23,5,2.0
243,44,Harbhajan  Singh,15,7,3,105,49,26.25,63,166.66,0,0,12,5,2.0
244,45,Virender  Sehwag,14,14,0,356,75,25.42,218,163.3,0,3,47,14,2.0
245,46,Kedar  Jadhav,5,5,2,76,50,25.33,56,135.71,0,1,7,2,2.0
246,47,Michael  Lumb,11,11,0,278,83,25.27,192,144.79,0,1,45,6,2.0
247,48,Albie  Morkel,14,11,3,198,62,24.75,131,151.14,0,1,10,13,2.0
248,49,Brad  Hodge,4,4,0,99,50,24.75,90,110.0,0,1,11,1,2.0
249,50,Cameron  White,7,5,3,48,21,24.0,33,145.45,0,0,3,3,2.0
250,51,Zaheer  Khan,14,4,3,24,23,24.0,13,184.61,0,0,3,1,2.0
251,52,David  Hussey,6,6,2,94,31,23.5,86,109.3,0,0,5,5,2.0
252,53,Ashish  Nehra,4,2,1,23,22,23.0,20,115.0,0,0,2,1,2.0
253,54,Kieron  Pollard,14,14,2,273,45,22.75,147,185.71,0,0,23,17,2.0
254,55,Wriddhiman  Saha,13,7,4,67,22,22.33,53,126.41,0,0,9,1,2.0
255,56,Ross  Taylor,7,7,3,88,31,22.0,75,117.33,0,0,2,6,2.0
256,57,Ryan  McLaren,10,7,4,66,40,22.0,69,95.65,0,0,7,0,2.0
257,58,Graeme  Smith,2,2,0,44,26,22.0,39,112.82,0,0,7,0,2.0
258,59,Manvinder  Bisla,10,10,0,218,75,21.8,178,122.47,0,1,27,6,2.0
259,60,Matthew  Hayden,16,16,0,346,93,21.62,279,124.01,0,1,37,16,2.0
260,61,Dinesh  Karthik,14,14,1,278,69,21.38,237,117.29,0,1,26,6,2.0
261,62,Yuvraj  Singh,14,14,2,255,43,21.25,199,128.14,0,0,20,14,2.0
262,63,Adrian  Barath,3,3,1,42,33,21.0,42,100.0,0,0,5,1,2.0
263,64,Aaron  Finch,1,1,0,21,21,21.0,21,100.0,0,0,0,1,2.0
264,65,Manish  Pandey,13,13,1,249,42,20.75,226,110.17,0,0,27,7,2.0
265,66,Faiz  Fazal,10,9,1,164,45,20.5,154,106.49,0,0,19,1,2.0
266,67,Abhishek  Jhunjhunwala,13,11,2,183,53,20.33,166,110.24,0,1,16,4,3.0
267,68,Shikhar  Dhawan,10,10,0,191,56,19.1,170,112.35,0,2,23,3,3.0
268,69,Damien  Martyn,1,1,0,19,19,19.0,24,79.16,0,0,1,0,3.0
269,70,Michael  Hussey,3,3,1,37,15,18.5,44,84.09,0,0,2,0,3.0
270,71,Adam  Gilchrist,16,16,0,289,54,18.06,185,156.21,0,1,31,16,3.0
271,72,Parthiv  Patel,4,4,0,72,57,18.0,79,91.13,0,1,6,2,3.0
272,73,Laxmi  Ratan Shukla,4,2,0,36,19,18.0,26,138.46,0,0,3,2,3.0
273,74,K  Goel,6,2,1,18,17,18.0,20,90.0,0,0,1,1,3.0
274,75,George  Bailey,1,1,0,18,18,18.0,27,66.66,0,0,2,0,3.0
275,76,Aditya  Dole,3,2,0,34,30,17.0,22,154.54,0,0,3,1,3.0
276,77,Rajagopal  Sathish,12,11,4,112,24,16.0,96,116.66,0,0,11,0,3.0
277,78,AB  de Villiers,7,7,0,111,45,15.85,119,93.27,0,0,7,0,3.0
278,79,Anirudh  Singh,5,4,0,63,40,15.75,66,95.45,0,0,6,1,3.0
279,80,Mohnish  Mishra,11,11,0,166,41,15.09,144,115.27,0,0,18,6,3.0
280,81,C  Madan,1,1,0,15,15,15.0,19,78.94,0,0,3,0,3.0
281,82,Mitchell  Marsh,3,2,0,28,15,14.0,30,93.33,0,0,1,1,3.0
282,83,Paras  Dogra,9,8,0,107,41,13.37,106,100.94,0,0,4,5,3.0
283,84,JM  Kemp,5,2,0,26,22,13.0,24,108.33,0,0,1,1,3.0
284,85,Mark  Boucher,5,2,1,13,11,13.0,10,130.0,0,0,0,1,3.0
285,86,VVS  Laxman,6,6,1,64,22,12.8,60,106.66,0,0,7,1,3.0
286,87,Aditya  Tare,7,4,0,50,23,12.5,36,138.88,0,0,5,3,3.0
287,88,Piyush  Chawla,14,6,1,62,22,12.4,60,103.33,0,0,7,0,3.0
288,89,Shaun  Tait,8,2,1,12,11,12.0,13,92.3,0,0,0,1,3.0
289,90,Dimitri  Mascarenhas,2,2,1,12,9,12.0,10,120.0,0,0,0,0,3.0
290,91,Eoin  Morgan,6,4,1,35,17,11.66,30,116.66,0,0,2,1,3.0
291,92,Ryan  Harris,8,5,1,45,15,11.25,39,115.38,0,0,2,2,3.0
292,93,Murali  Kartik,10,2,0,22,21,11.0,22,100.0,0,0,2,0,3.0
293,94,Brett  Lee,4,3,2,11,7,11.0,9,122.22,0,0,1,0,3.0
294,95,Moises  Henriques,1,1,0,11,11,11.0,5,220.0,0,0,2,0,3.0
295,96,MF  Maharoof,7,4,1,31,28,10.33,23,134.78,0,0,2,2,3.0
296,97,Siddharth  Trivedi,11,4,2,20,9,10.0,14,142.85,0,0,3,1,3.0
297,98,T  Thushara,4,2,1,10,8,10.0,11,90.9,0,0,0,0,3.0
298,99,Pradeep  Sangwan,8,2,1,10,6,10.0,14,71.42,0,0,0,0,3.0
299,100,Kemar  Roach,2,1,0,10,10,10.0,9,111.11,0,0,1,0,3.0
300,1,Wriddhiman  Saha,7,3,2,68,46,68.0,63,107.93,0,0,2,4,1.0
301,2,Chris  Gayle,12,12,3,608,107,67.55,332,183.13,2,3,57,44,1.0
302,3,Subramaniam  Badrinath,16,13,6,396,71,56.57,313,126.51,0,5,38,9,1.0
303,4,James  Franklin,8,5,3,107,45,53.5,78,137.17,0,0,10,2,1.0
304,5,Ryan  ten Doeschate,6,3,1,107,70,53.5,73,146.57,0,1,9,5,1.0
305,6,Manoj  Tiwary,15,14,7,359,61,51.28,325,110.46,0,1,26,14,1.0
306,7,Virat  Kohli,16,16,4,557,71,46.41,460,121.08,0,4,55,16,1.0
307,8,Johan  Botha,10,9,4,230,67,46.0,198,116.16,0,1,20,2,1.0
308,9,MS  Dhoni,16,13,4,392,70,43.55,247,158.7,0,2,25,23,1.0
309,10,Sachin  Tendulkar,16,16,3,553,100,42.53,488,113.31,1,2,67,5,1.0
310,11,Shaun  Marsh,14,13,1,504,95,42.0,344,146.51,0,4,52,20,1.0
311,12,Michael  Hussey,14,14,2,492,83,41.0,414,118.84,0,4,53,6,1.0
312,13,James  Hopes,10,8,3,196,55,39.2,158,124.05,0,2,22,3,1.0
313,14,Virender  Sehwag,11,11,0,424,119,38.54,240,176.66,1,2,51,18,1.0
314,15,Stuart  Binny,6,2,1,37,30,37.0,31,119.35,0,0,2,1,1.0
315,16,Ross  Taylor,12,11,6,181,47,36.2,152,119.07,0,0,11,7,1.0
316,17,Brad  Hodge,14,14,6,285,51,35.62,236,120.76,0,1,26,9,1.0
317,18,Paul  Valthaty,14,14,1,463,120,35.61,338,136.98,1,2,56,20,1.0
318,19,Jacques  Kallis,15,14,2,424,80,35.33,378,112.16,0,4,46,6,1.0
319,20,AB  de Villiers,16,13,4,312,65,34.66,243,128.39,0,2,21,14,1.0
320,21,Gautam  Gambhir,15,15,4,378,75,34.36,317,119.24,0,2,44,3,1.0
321,22,Harbhajan  Singh,15,8,5,103,30,34.33,71,145.07,0,0,9,6,1.0
322,23,Yuvraj  Singh,14,13,3,343,66,34.3,261,131.41,0,2,24,18,1.0
323,24,Rohit  Sharma,16,14,3,372,87,33.81,297,125.25,0,3,32,13,1.0
324,25,Andrew  Symonds,11,9,5,135,44,33.75,138,97.82,0,0,9,3,1.0
325,26,Shikhar  Dhawan,14,14,2,400,95,33.33,310,129.03,0,2,47,7,1.0
326,27,Shane  Watson,11,11,1,330,89,33.0,253,130.43,0,1,31,17,1.0
327,28,Ravindra  Jadeja,14,12,3,283,47,31.44,228,124.12,0,0,20,14,1.0
328,29,Suresh  Raina,16,16,2,438,73,31.28,325,134.76,0,4,36,17,1.0
329,30,Rahul  Dravid,12,12,1,343,66,31.18,314,109.23,0,1,45,2,1.0
330,31,Ryan  McLaren,6,4,1,90,51,30.0,96,93.75,0,1,7,1,1.0
331,32,Yusuf  Pathan,15,11,1,283,47,28.3,201,140.79,0,0,24,13,1.0
332,33,Tillakaratne  Dilshan,10,10,2,226,59,28.25,180,125.55,0,2,33,3,1.0
333,34,Ambati  Rayudu,16,16,2,395,63,28.21,350,112.85,0,4,44,9,2.0
334,35,Venugopal  Rao,14,14,2,336,60,28.0,280,120.0,0,1,30,13,2.0
335,36,Kumar  Sangakkara,13,13,0,358,65,27.53,293,122.18,0,1,44,5,2.0
336,37,Brendon  McCullum,13,13,0,357,81,27.46,275,129.81,0,1,35,16,2.0
337,38,Adam  Gilchrist,14,14,0,383,106,27.35,295,129.83,1,2,41,18,2.0
338,39,Manish  Pandey,10,9,0,246,59,27.33,227,108.37,0,1,28,6,2.0
339,40,Murali  Vijay,16,16,0,434,95,27.12,339,128.02,0,3,34,20,2.0
340,41,Robin  Uthappa,14,13,3,264,45,26.4,209,126.31,0,0,27,10,2.0
341,42,Dwaraka  Ravi Teja,12,9,2,183,60,26.14,144,127.08,0,1,17,4,2.0
342,43,Cameron  White,6,6,2,104,31,26.0,109,95.41,0,0,6,2,2.0
343,44,Nathan  McCullum,2,2,1,26,15,26.0,22,118.18,0,0,0,1,2.0
344,45,Bharat  Chipli,14,13,5,207,61,25.87,170,121.76,0,1,21,4,2.0
345,46,Dinesh  Karthik,14,13,2,282,69,25.63,220,128.18,0,1,32,7,2.0
346,47,Mitchell  Marsh,5,3,1,50,37,25.0,49,102.04,0,0,2,3,2.0
347,48,Sourav  Ganguly,4,3,1,50,32,25.0,59,84.74,0,0,3,2,2.0
348,49,David  Warner,13,13,0,324,77,24.92,276,117.39,0,3,34,11,2.0
349,50,Sunny  Sohal,11,10,0,249,62,24.9,191,130.36,0,2,25,10,2.0
350,51,Callum  Ferguson,5,4,2,48,16,24.0,54,88.88,0,0,6,0,2.0
351,52,Saurabh  Tiwary,16,13,5,187,42,23.37,188,99.46,0,0,13,5,2.0
352,53,Mahela  Jayawardene,13,13,0,299,76,23.0,257,116.34,0,3,35,5,2.0
353,54,Albie  Morkel,15,13,7,138,30,23.0,102,135.29,0,0,8,8,2.0
354,55,Daniel  Vettori,13,4,3,23,18,23.0,28,82.14,0,0,1,1,2.0
355,56,Bipul  Sharma,4,3,2,23,16,23.0,18,127.77,0,0,1,0,2.0
356,57,Jesse  Ryder,13,13,0,292,60,22.46,197,148.22,0,2,37,11,2.0
357,58,Srikkanth  Anirudha,9,5,1,83,64,20.75,74,112.16,0,1,6,3,2.0
358,59,JP  Duminy,10,10,0,205,55,20.5,174,117.81,0,1,9,8,2.0
359,60,Parthiv  Patel,14,13,3,202,37,20.2,183,110.38,0,0,25,2,2.0
360,61,Mayank  Agarwal,8,7,0,141,41,20.14,120,117.5,0,0,16,4,2.0
361,62,Ashok  Menaria,13,10,1,180,34,20.0,152,118.42,0,0,10,10,2.0
362,63,Ajinkya  Rahane,10,7,1,120,52,20.0,98,122.44,0,1,12,2,2.0
363,64,Aiden  Blizzard,6,6,0,120,51,20.0,87,137.93,0,1,21,2,2.0
364,65,Abhishek  Raut,7,4,1,60,25,20.0,58,103.44,0,0,5,1,2.0
365,66,Morne  Morkel,11,5,3,40,16,20.0,25,160.0,0,0,3,2,2.0
366,67,Y  Gnaneswara Rao,2,1,0,19,19,19.0,17,111.76,0,0,3,0,3.0
367,68,Irfan  Pathan,14,12,4,150,44,18.75,138,108.69,0,0,12,6,3.0
368,69,Michael  Klinger,4,4,0,73,29,18.25,77,94.8,0,0,9,0,3.0
369,70,Sachin  Rana,2,1,0,18,18,18.0,16,112.5,0,0,2,0,3.0
370,71,Brad  Haddin,1,1,0,18,18,18.0,11,163.63,0,0,2,1,3.0
371,72,Dan  Christian,14,13,2,190,30,17.27,159,119.49,0,0,9,7,3.0
372,73,Amit  Mishra,14,9,5,68,25,17.0,49,138.77,0,0,9,1,3.0
373,74,Mohnish  Mishra,6,5,1,67,37,16.75,60,111.66,0,0,5,2,3.0
374,75,Piyush  Chawla,12,6,3,48,15,16.0,55,87.27,0,0,2,2,3.0
375,76,Dishant  Yagnik,7,4,3,16,10,16.0,22,72.72,0,0,1,0,3.0
376,77,Yogesh  Nagar,11,10,3,111,23,15.85,100,111.0,0,0,6,6,3.0
377,78,Davy  Jacobs,6,6,0,92,32,15.33,88,104.54,0,0,10,4,3.0
378,79,Eoin  Morgan,12,9,0,137,66,15.22,117,117.09,0,1,17,3,3.0
379,80,Travis  Birt,5,5,0,75,27,15.0,58,129.31,0,0,9,2,3.0
380,81,VVS  Laxman,3,3,0,44,36,14.66,42,104.76,0,0,3,2,3.0
381,82,Kieron  Pollard,16,13,3,146,28,14.6,133,109.77,0,0,12,6,3.0
382,83,Shakib  Al Hasan,7,3,1,29,26,14.5,22,131.81,0,0,4,0,3.0
383,84,Manvinder  Bisla,5,5,0,72,27,14.4,89,80.89,0,0,8,0,3.0
384,85,Ishank  Jaggi,2,2,0,28,25,14.0,37,75.67,0,0,3,0,3.0
385,86,Harpreet  Singh,2,2,1,14,13,14.0,20,70.0,0,0,0,0,3.0
386,87,Laxmi  Ratan Shukla,1,1,0,14,14,14.0,10,140.0,0,0,2,0,3.0
387,88,Mohammad  Kaif,8,4,1,41,15,13.66,33,124.24,0,0,5,0,3.0
388,89,Owais  Shah,3,2,0,26,23,13.0,15,173.33,0,0,1,2,3.0
389,90,Balachandra  Akhil,1,1,0,13,13,13.0,9,144.44,0,0,0,1,3.0
390,91,Luke  Pomersbach,5,4,0,51,29,12.75,39,130.76,0,0,4,2,3.0
391,92,Rajagopal  Sathish,9,3,1,25,18,12.5,34,73.52,0,0,1,0,3.0
392,93,Wayne  Parnell,8,5,2,37,16,12.33,39,94.87,0,0,2,1,3.0
393,94,Naman  Ojha,14,14,1,160,29,12.3,161,99.37,0,0,11,11,3.0
394,95,Amit  Paunikar,4,4,0,49,20,12.25,57,85.96,0,0,9,0,3.0
395,96,Murali  Kartik,6,3,2,12,11,12.0,15,80.0,0,0,1,0,3.0
396,97,Mandeep  Singh,6,5,1,47,15,11.75,41,114.63,0,0,4,1,3.0
397,98,Thisara  Perera,4,2,0,23,22,11.5,27,85.18,0,0,4,0,3.0
398,99,Mithun  Manhas,10,10,0,114,35,11.4,123,92.68,0,0,8,4,3.0
399,100,Cheteshwar  Pujara,7,3,0,34,25,11.33,31,109.67,0,0,4,0,3.0
400,1,JP  Duminy,9,9,6,244,74,81.33,190,128.42,0,2,13,11,1.0
401,2,Chris  Gayle,15,14,2,733,128,61.08,456,160.74,1,7,46,59,1.0
402,3,Kevin  Pietersen,8,8,3,305,103,61.0,207,147.34,1,1,22,20,1.0
403,4,Dwayne  Bravo,19,16,8,371,48,46.37,264,140.53,0,0,20,20,1.0
404,5,Cameron  White,13,13,2,479,78,43.54,320,149.68,0,5,41,20,1.0
405,6,Shane  Watson,7,7,1,255,90,42.5,168,151.78,0,2,26,14,1.0
406,7,Debabrata  Das,15,10,7,126,35,42.0,93,135.48,0,0,9,6,1.0
407,8,Shikhar  Dhawan,15,15,1,569,84,40.64,439,129.61,0,5,58,18,1.0
408,9,Herschelle  Gibbs,3,3,1,81,66,40.5,88,92.04,0,1,8,2,1.0
409,10,Steve  Smith,15,14,5,362,47,40.22,267,135.58,0,0,24,14,1.0
410,11,Ajinkya  Rahane,16,16,2,560,103,40.0,433,129.33,1,3,73,10,1.0
411,12,AB  de Villiers,16,13,5,319,64,39.87,198,161.11,0,3,26,15,1.0
412,13,Gautam  Gambhir,17,17,2,590,93,39.33,411,143.55,0,6,64,17,1.0
413,14,Dwayne  Smith,7,6,2,157,87,39.25,98,160.2,0,1,18,7,1.0
414,15,Owais  Shah,13,13,4,340,76,37.77,256,132.81,0,3,24,16,1.0
415,16,Ambati  Rayudu,17,15,6,333,81,37.0,252,132.14,0,2,21,14,1.0
416,17,David  Warner,8,8,1,256,109,36.57,156,164.1,1,1,28,14,1.0
417,18,Tillakaratne  Dilshan,10,9,1,285,76,35.62,261,109.19,0,3,33,5,1.0
418,19,Adam  Gilchrist,7,7,2,172,64,34.4,143,120.27,0,1,21,4,1.0
419,20,Faf  du Plessis,13,12,0,398,73,33.16,304,130.92,0,3,29,17,1.0
420,21,Virender  Sehwag,16,16,1,495,87,33.0,307,161.23,0,5,57,19,1.0
421,22,David  Hussey,16,15,3,396,68,33.0,305,129.83,0,2,28,17,1.0
422,23,David  Miller,6,6,3,98,34,32.66,75,130.66,0,0,6,4,1.0
423,24,Michael  Hussey,8,8,0,261,56,32.62,236,110.59,0,2,28,8,1.0
424,25,Rohit  Sharma,17,16,2,433,109,30.92,342,126.6,1,3,39,18,1.0
425,26,Brad  Hodge,12,12,4,245,48,30.62,175,140.0,0,0,18,9,1.0
426,27,Shaun  Marsh,13,13,2,336,68,30.54,280,120.0,0,2,39,7,1.0
427,28,Manvinder  Bisla,7,7,0,213,89,30.42,160,133.12,0,1,16,10,1.0
428,29,Yogesh  Nagar,13,8,3,152,43,30.4,133,114.28,0,0,13,3,1.0
429,30,Mithun  Manhas,10,7,3,120,42,30.0,96,125.0,0,0,10,4,1.0
430,31,MS  Dhoni,19,17,5,358,51,29.83,278,128.77,0,1,26,9,1.0
431,32,Sachin  Tendulkar,13,13,2,324,74,29.45,283,114.48,0,2,39,4,1.0
432,33,Dan  Christian,7,7,2,145,39,29.0,118,122.88,0,0,8,6,1.0
433,34,Rahul  Dravid,16,16,0,462,58,28.87,412,112.13,0,2,63,4,2.0
434,35,Gurkeerat  Mann Singh,5,4,1,86,29,28.66,52,165.38,0,0,12,2,2.0
435,36,Virat  Kohli,16,15,2,364,73,28.0,326,111.65,0,2,33,10,2.0
436,37,Subramaniam  Badrinath,15,9,2,196,57,28.0,181,108.28,0,1,23,2,2.0
437,38,Mahela  Jayawardene,16,15,3,335,56,27.91,298,112.41,0,3,39,3,2.0
438,39,Daniel  Harris,4,4,0,111,47,27.75,101,109.9,0,0,11,5,2.0
439,40,Aaron  Finch,2,2,0,55,30,27.5,51,107.84,0,0,8,0,2.0
440,41,Mandeep  Singh,16,16,0,432,75,27.0,342,126.31,0,2,53,7,2.0
441,42,Robin  Uthappa,16,16,1,405,69,27.0,343,118.07,0,2,38,10,2.0
442,43,Manoj  Tiwary,16,15,5,260,59,26.0,246,105.69,0,1,21,3,2.0
443,44,Suresh  Raina,19,18,1,441,73,25.94,325,135.69,0,1,36,19,2.0
444,45,Murali  Vijay,14,14,1,336,113,25.84,267,125.84,1,0,39,10,2.0
445,46,Jesse  Ryder,11,11,1,256,86,25.6,212,120.75,0,2,23,8,2.0
446,47,Jacques  Kallis,17,17,1,409,79,25.56,384,106.51,0,2,34,10,2.0
447,48,Irfan  Pathan,17,12,5,176,42,25.14,126,139.68,0,0,14,6,2.0
448,49,Dishant  Yagnik,5,3,2,25,10,25.0,13,192.3,0,0,5,0,2.0
449,50,James  Franklin,12,11,2,220,79,24.44,223,98.65,0,1,15,6,2.0
450,51,Kieron  Pollard,14,11,2,220,64,24.44,159,138.36,0,2,15,14,2.0
451,52,Akshath  Reddy,5,3,0,73,42,24.33,59,123.72,0,0,6,2,2.0
452,53,Brendon  McCullum,12,12,0,289,56,24.08,283,102.12,0,1,37,3,2.0
453,54,Bipul  Sharma,5,4,1,72,35,24.0,47,153.19,0,0,6,3,2.0
454,55,Saurabh  Tiwary,15,11,3,191,36,23.87,170,112.35,0,0,9,8,2.0
455,56,Andrew  McDonald,4,3,1,47,30,23.5,35,134.28,0,0,6,2,2.0
456,57,Andre  Russell,4,2,0,47,31,23.5,26,180.76,0,0,3,3,2.0
457,58,Azhar  Mahmood,11,10,2,186,36,23.25,142,130.98,0,0,16,8,2.0
458,59,Naman  Ojha,18,16,5,255,64,23.18,224,113.83,0,1,21,13,2.0
459,60,Stuart  Binny,8,6,2,90,30,22.5,67,134.32,0,0,9,3,2.0
460,61,Venugopal  Rao,10,7,1,132,36,22.0,126,104.76,0,0,8,5,2.0
461,62,Siddharth  Chitnis,6,4,1,66,38,22.0,62,106.45,0,0,7,1,2.0
462,63,Anustup  Majumdar,4,4,0,87,31,21.75,76,114.47,0,0,7,2,2.0
463,64,Brett  Lee,10,3,1,42,25,21.0,20,210.0,0,0,2,4,2.0
464,65,Mayank  Agarwal,16,12,1,225,64,20.45,158,142.4,0,1,19,15,2.0
465,66,Manish  Pandey,10,9,2,143,80,20.42,112,127.67,0,1,12,6,2.0
466,67,Ashok  Menaria,15,12,1,220,40,20.0,202,108.91,0,0,14,8,3.0
467,68,Ross  Taylor,12,12,2,197,55,19.7,171,115.2,0,1,12,7,3.0
468,69,Yusuf  Pathan,17,16,6,194,40,19.4,169,114.79,0,0,10,7,3.0
469,70,Kevon  Cooper,6,4,2,38,14,19.0,20,190.0,0,0,3,3,3.0
470,71,Dinesh  Karthik,17,14,1,238,44,18.3,213,111.73,0,0,30,2,3.0
471,72,Kumar  Sangakkara,12,12,1,200,82,18.18,184,108.69,0,1,21,4,3.0
472,73,Angelo  Mathews,9,8,1,127,35,18.14,108,117.59,0,0,5,4,3.0
473,74,Pawan  Negi,8,4,2,36,14,18.0,29,124.13,0,0,4,1,3.0
474,75,Unmukt  Chand,2,2,0,36,18,18.0,34,105.88,0,0,2,3,3.0
475,76,Ryan  Harris,5,2,1,18,15,18.0,11,163.63,0,0,1,1,3.0
476,77,Sourav  Ganguly,15,15,0,267,45,17.8,270,98.88,0,0,30,4,3.0
477,78,Marlon  Samuels,8,8,1,124,46,17.71,123,100.81,0,0,7,5,3.0
478,79,Parthiv  Patel,14,13,2,194,45,17.63,165,117.57,0,0,19,4,3.0
479,80,Michael  Clarke,6,6,0,100,41,16.66,95,105.26,0,0,12,0,3.0
480,81,Ravindra  Jadeja,19,14,2,191,48,15.91,151,126.49,0,0,13,9,3.0
481,82,Albie  Morkel,16,12,5,107,28,15.28,68,157.35,0,0,5,6,3.0
482,83,Shakib  Al Hasan,8,7,1,91,42,15.16,74,122.97,0,0,6,3,3.0
483,84,Abhishek  Nayar,4,4,1,45,24,15.0,49,91.83,0,0,2,1,3.0
484,85,Harmeet  Singh Bansal,7,2,1,15,14,15.0,7,214.28,0,0,3,0,3.0
485,86,Johan  Botha,11,7,3,58,14,14.5,54,107.4,0,0,4,1,3.0
486,87,Nitin  Saini,10,10,0,140,50,14.0,141,99.29,0,1,16,0,3.0
487,88,James  Faulkner,2,2,1,14,11,14.0,13,107.69,0,0,0,0,3.0
488,89,Mohammad  Kaif,1,1,0,14,14,14.0,16,87.5,0,0,1,0,3.0
489,90,Richard  Levi,6,6,0,83,50,13.83,73,113.69,0,1,10,4,3.0
490,91,Shreevats  Goswami,11,6,1,69,24,13.8,67,102.98,0,0,4,1,3.0
491,92,Vinay  Kumar,15,7,2,68,25,13.6,62,109.67,0,0,3,2,3.0
492,93,Bhuvneshwar  Kumar,11,9,6,40,11,13.33,40,100.0,0,0,4,0,3.0
493,94,Piyush  Chawla,16,12,4,106,21,13.25,88,120.45,0,0,9,4,3.0
494,95,Laxmi  Ratan Shukla,11,8,2,75,26,12.5,57,131.57,0,0,4,5,3.0
495,96,Callum  Ferguson,4,4,0,50,23,12.5,63,79.36,0,0,3,0,3.0
496,97,Bharat  Chipli,5,4,1,37,25,12.33,35,105.71,0,0,3,2,3.0
497,98,Harbhajan  Singh,17,11,2,108,33,12.0,80,135.0,0,0,14,3,3.0
498,99,Abhishek  Jhunjhunwala,5,3,1,24,19,12.0,26,92.3,0,0,1,1,3.0
499,100,Praveen  Kumar,16,7,4,35,10,11.66,30,116.66,0,0,2,1,3.0
500,1,Vinay  Kumar,16,5,4,70,26,70.0,44,159.09,0,0,6,3,1.0
501,2,David  Miller,12,12,5,418,101,59.71,254,164.56,1,3,28,24,1.0
502,3,Chris  Gayle,16,16,4,708,175,59.0,453,156.29,1,4,57,51,1.0
503,4,Michael  Hussey,17,17,3,733,95,52.35,566,129.5,0,6,81,17,1.0
504,5,Virat  Kohli,16,16,2,634,99,45.28,457,138.73,0,6,64,22,1.0
505,6,Suresh  Raina,18,17,4,548,100,42.15,365,150.13,1,4,50,18,1.0
506,7,Kieron  Pollard,18,18,8,420,66,42.0,281,149.46,0,3,27,29,1.0
507,8,MS  Dhoni,18,16,5,461,67,41.9,283,162.89,0,4,32,25,1.0
508,9,Brad  Hodge,17,14,7,293,54,41.85,218,134.4,0,1,27,9,1.0
509,10,Moises  Henriques,10,9,5,165,44,41.25,125,132.0,0,0,20,3,1.0
510,11,Steve  Smith,7,7,3,159,41,39.75,132,120.45,0,0,15,4,1.0
511,12,Shikhar  Dhawan,10,10,2,311,73,38.87,253,122.92,0,3,37,5,1.0
512,13,Shane  Watson,16,16,2,543,101,38.78,380,142.89,1,2,59,22,1.0
513,14,Rohit  Sharma,19,19,5,538,79,38.42,409,131.54,0,4,35,28,1.0
514,15,Umesh  Yadav,16,8,7,38,12,38.0,38,100.0,0,0,3,1,1.0
515,16,Shaun  Marsh,8,8,0,300,77,37.5,249,120.48,0,3,39,4,1.0
516,17,AB  de Villiers,14,14,4,360,64,36.0,219,164.38,0,2,34,15,1.0
517,18,Ajinkya  Rahane,18,18,4,488,68,34.85,458,106.55,0,4,42,11,1.0
518,19,Aaron  Finch,14,14,0,456,67,32.57,336,135.71,0,4,54,16,1.0
519,20,Stuart  Binny,17,16,7,293,41,32.55,199,147.23,0,0,25,12,1.0
520,21,Ben  Rohrer,8,8,2,193,64,32.16,140,137.85,0,1,21,5,1.0
521,22,Dwayne  Smith,13,13,0,418,68,32.15,341,122.58,0,4,40,19,1.0
522,23,David  Warner,16,16,3,410,77,31.53,323,126.93,0,4,41,14,1.0
523,24,Yusuf  Pathan,16,16,5,332,72,30.18,240,138.33,0,1,30,14,1.0
524,25,Rahul  Dravid,18,17,1,471,65,29.43,425,110.82,0,4,64,5,1.0
525,26,Darren  Sammy,10,9,3,174,60,29.0,132,131.81,0,1,11,10,1.0
526,27,Luke  Pomersbach,3,3,1,58,33,29.0,59,98.3,0,0,5,1,1.0
527,28,Dinesh  Karthik,19,19,1,510,86,28.33,411,124.08,0,2,54,14,1.0
528,29,Ryan  ten Doeschate,4,4,1,85,42,28.33,63,134.92,0,0,9,2,1.0
529,30,Eoin  Morgan,14,13,2,307,51,27.9,240,127.91,0,1,28,13,1.0
530,31,Saurabh  Tiwary,9,6,2,109,52,27.25,106,102.83,0,1,4,4,1.0
531,32,Robin  Uthappa,16,16,0,434,75,27.12,371,116.98,0,2,42,12,1.0
532,33,Dale  Steyn,17,8,6,53,18,26.5,36,147.22,0,0,5,2,1.0
533,34,Sanju  Samson,11,10,2,206,63,25.75,178,115.73,0,1,19,5,2.0
534,35,Gautam  Gambhir,16,16,0,406,60,25.37,343,118.36,0,4,51,5,2.0
535,36,Ravindra  Jadeja,18,14,6,201,38,25.12,135,148.88,0,0,17,6,2.0
536,37,Biplap  Samantray,8,7,2,123,55,24.6,111,110.81,0,1,13,2,2.0
537,38,Aditya  Tare,5,5,0,123,59,24.6,84,146.42,0,1,14,5,2.0
538,39,Virender  Sehwag,13,13,1,295,95,24.58,233,126.6,0,1,41,6,2.0
539,40,Angelo  Mathews,11,10,3,172,40,24.57,139,123.74,0,0,5,10,2.0
540,41,Adam  Gilchrist,13,13,1,294,85,24.5,229,128.38,0,1,41,6,2.0
541,42,David  Hussey,12,11,1,235,41,23.5,209,112.44,0,0,20,6,2.0
542,43,Wriddhiman  Saha,3,3,0,70,39,23.33,56,125.0,0,0,6,4,2.0
543,44,Thisara  Perera,16,14,4,233,40,23.3,163,142.94,0,0,12,14,2.0
544,45,Cheteshwar  Pujara,4,4,0,92,51,23.0,99,92.92,0,1,14,0,2.0
545,46,Sumit  Narwal,2,1,0,23,23,23.0,15,153.33,0,0,4,0,2.0
546,47,Manish  Pandey,7,7,1,136,66,22.66,137,99.27,0,1,11,3,2.0
547,48,Parthiv  Patel,13,13,0,294,61,22.61,255,115.29,0,1,37,4,2.0
548,49,Murali  Vijay,15,15,1,312,55,22.28,286,109.09,0,2,27,8,2.0
549,50,Sachin  Tendulkar,14,14,1,287,54,22.07,231,124.24,0,1,38,5,2.0
550,51,Mahela  Jayawardene,15,15,0,331,66,22.06,313,105.75,0,2,39,6,2.0
551,52,CM  Gautam,3,3,1,44,30,22.0,34,129.41,0,0,4,1,2.0
552,53,Rajagopal  Sathish,9,8,3,109,27,21.8,77,141.55,0,0,9,5,2.0
553,54,Kedar  Jadhav,12,10,3,152,31,21.71,124,122.58,0,0,8,5,2.0
554,55,Karn  Sharma,13,7,3,85,39,21.25,86,98.83,0,0,6,2,2.0
555,56,Luke  Wright,6,6,1,106,44,21.2,60,176.66,0,0,16,3,2.0
556,57,Brett  Lee,3,2,1,21,16,21.0,12,175.0,0,0,1,2,2.0
557,58,Ashish  Reddy,12,10,4,125,36,20.83,89,140.44,0,0,8,5,2.0
558,59,Jacques  Kallis,16,16,1,311,41,20.73,322,96.58,0,0,35,3,2.0
559,60,Manan  Vohra,12,10,2,161,43,20.12,117,137.6,0,0,22,2,2.0
560,61,Mandeep  Singh,16,14,1,260,77,20.0,223,116.59,0,1,36,0,2.0
561,62,Mitchell  Marsh,9,8,1,140,38,20.0,106,132.07,0,0,6,10,2.0
562,63,Yuvraj  Singh,13,13,1,238,34,19.83,190,125.26,0,0,14,15,2.0
563,64,Manvinder  Bisla,14,14,1,255,92,19.61,236,108.05,0,2,36,6,2.0
564,65,Azhar  Mahmood,11,10,0,196,80,19.6,154,127.27,0,2,22,5,2.0
565,66,Harbhajan  Singh,19,14,8,116,25,19.33,79,146.83,0,0,12,5,2.0
566,67,Abhinav  Mukund,1,1,0,19,19,19.0,21,90.47,0,0,1,0,3.0
567,68,Ambati  Rayudu,19,17,3,265,37,18.92,231,114.71,0,0,22,4,3.0
568,69,Manoj  Tiwary,10,9,1,146,33,18.25,140,104.28,0,0,12,1,3.0
569,70,Glenn  Maxwell,3,3,1,36,23,18.0,27,133.33,0,0,1,4,3.0
570,71,Manpreet  Juneja,7,7,0,125,49,17.85,128,97.65,0,0,11,1,3.0
571,72,Irfan  Pathan,15,13,5,142,24,17.75,152,93.42,0,0,9,3,3.0
572,73,Subramaniam  Badrinath,18,8,1,124,34,17.71,121,102.47,0,0,11,0,3.0
573,74,Unmukt  Chand,9,9,0,158,41,17.55,158,100.0,0,0,17,4,3.0
574,75,Cameron  White,13,13,1,209,52,17.41,191,109.42,0,1,18,7,3.0
575,76,Hanuma  Vihari,17,17,3,241,46,17.21,278,86.69,0,0,17,1,3.0
576,77,Kane  Richardson,3,2,0,34,26,17.0,36,94.44,0,0,2,1,3.0
577,78,Rajat  Bhatia,15,10,4,99,26,16.5,80,123.75,0,0,8,3,3.0
578,79,Bharat  Chipli,1,1,0,16,16,16.0,18,88.88,0,0,1,1,3.0
579,80,Dishant  Yagnik,12,9,1,125,34,15.62,96,130.2,0,0,17,2,3.0
580,81,Albie  Morkel,8,3,0,46,23,15.33,37,124.32,0,0,2,3,3.0
581,82,Tillakaratne  Dilshan,5,5,0,76,33,15.2,93,81.72,0,0,12,0,3.0
582,83,Dwayne  Bravo,18,12,4,121,23,15.12,106,114.15,0,0,11,3,3.0
583,84,Debabrata  Das,10,6,1,75,23,15.0,74,101.35,0,0,5,5,3.0
584,85,Amit  Mishra,17,8,2,89,30,14.83,96,92.7,0,0,9,0,3.0
585,86,Dwaraka  Ravi Teja,2,2,1,14,10,14.0,17,82.35,0,0,0,0,3.0
586,87,Arun  Karthik,12,5,2,41,19,13.66,38,107.89,0,0,3,1,3.0
587,88,Gurkeerat  Mann Singh,11,9,1,108,31,13.5,95,113.68,0,0,10,3,3.0
588,89,Mayank  Agarwal,5,5,0,67,29,13.4,62,108.06,0,0,6,3,3.0
589,90,Kumar  Sangakkara,9,9,0,120,28,13.33,136,88.23,0,0,13,0,3.0
590,91,Akshath  Reddy,7,7,0,91,27,13.0,101,90.09,0,0,9,0,3.0
591,92,Ross  Taylor,5,5,0,63,19,12.6,76,82.89,0,0,2,1,3.0
592,93,Owais  Shah,2,2,0,25,24,12.5,23,108.69,0,0,2,0,3.0
593,94,Ajit  Agarkar,4,2,1,12,9,12.0,16,75.0,0,0,0,0,3.0
594,95,James  Faulkner,16,9,4,57,19,11.4,57,100.0,0,0,5,2,3.0
595,96,Morne  Morkel,10,6,1,57,23,11.4,29,196.55,0,0,6,3,3.0
596,97,Manpreet  Gony,8,5,1,45,42,11.25,25,180.0,0,0,4,3,3.0
597,98,Abhishek  Nayar,11,9,3,66,25,11.0,73,90.41,0,0,5,0,3.0
598,99,Roelof  van der Merwe,3,2,0,22,14,11.0,25,88.0,0,0,2,0,3.0
599,100,Piyush  Chawla,16,11,5,64,23,10.66,57,112.28,0,0,5,3,3.0
600,1,MS  Dhoni,16,15,10,371,57,74.2,250,148.4,0,1,22,20,1.0
601,2,David  Hussey,5,4,2,116,50,58.0,94,123.4,0,1,8,6,1.0
602,3,Lendl  Simmons,8,8,1,394,100,56.28,291,135.39,1,3,43,14,1.0
603,4,JP  Duminy,14,14,6,410,67,51.25,305,134.42,0,2,22,20,1.0
604,5,David  Warner,14,14,3,528,90,48.0,375,140.8,0,6,39,24,1.0
605,6,James  Faulkner,13,12,8,181,41,45.25,94,192.55,0,0,8,16,1.0
606,7,David  Miller,16,16,6,446,66,44.6,299,149.16,0,3,34,21,1.0
607,8,Robin  Uthappa,16,16,1,660,83,44.0,479,137.78,0,5,74,18,1.0
608,9,Rishi  Dhawan,13,6,4,82,23,41.0,75,109.33,0,0,8,1,1.0
609,10,Manan  Vohra,8,8,0,324,67,40.5,233,139.05,0,1,27,16,1.0
610,11,Suresh  Raina,16,16,3,523,87,40.23,358,146.08,0,5,51,19,1.0
611,12,Naman  Ojha,11,10,4,232,79,38.66,161,144.09,0,1,14,17,1.0
612,13,Steve  Smith,10,7,3,147,48,36.75,110,133.63,0,0,13,4,1.0
613,14,AB  de Villiers,14,13,2,395,89,35.9,249,158.63,0,3,26,24,1.0
614,15,Dwayne  Smith,16,16,0,566,79,35.37,416,136.05,0,5,50,34,1.0
615,16,Shaun  Marsh,2,2,0,70,40,35.0,52,134.61,0,0,7,3,1.0
616,17,Glenn  Maxwell,16,16,0,552,95,34.5,294,187.75,0,4,48,36,1.0
617,18,Yuvraj  Singh,14,14,3,376,83,34.18,278,135.25,0,3,22,28,1.0
618,19,Kieron  Pollard,15,15,7,273,78,34.12,203,134.48,0,1,15,15,1.0
619,20,Brad  Hodge,4,4,1,101,40,33.66,72,140.27,0,0,4,6,1.0
620,21,Karun  Nair,11,11,1,330,73,33.0,232,142.24,0,3,38,9,1.0
621,22,Wriddhiman  Saha,17,13,2,362,115,32.9,249,145.38,1,2,33,18,1.0
622,23,Suryakumar  Yadav,16,10,5,164,34,32.8,117,140.17,0,0,16,5,1.0
623,24,Shakib  Al Hasan,13,11,4,227,60,32.42,152,149.34,0,1,22,7,1.0
624,25,Brendon  McCullum,14,14,1,405,71,31.15,333,121.62,0,3,32,19,1.0
625,26,Manish  Pandey,16,16,3,401,94,30.84,340,117.94,0,2,35,10,1.0
626,27,Manoj  Tiwary,8,8,3,152,61,30.4,118,128.81,0,1,14,4,1.0
627,28,Rohit  Sharma,15,15,2,390,59,30.0,302,129.13,0,3,31,16,1.0
628,29,Kedar  Jadhav,10,10,5,149,37,29.8,101,147.52,0,0,13,7,1.0
629,30,Yusuf  Pathan,15,12,3,268,72,29.77,165,162.42,0,1,15,20,1.0
630,31,Corey  Anderson,12,11,2,265,95,29.44,181,146.4,0,1,21,15,1.0
631,32,Kevin  Pietersen,11,11,1,294,58,29.4,233,126.18,0,1,34,7,1.0
632,33,Ravindra  Jadeja,16,10,5,146,36,29.2,110,132.72,0,0,9,5,1.0
633,34,Shikhar  Dhawan,14,14,1,377,64,29.0,319,118.18,0,2,49,7,2.0
634,35,Chris  Lynn,2,2,0,58,45,29.0,49,118.36,0,0,5,3,2.0
635,36,George  Bailey,17,16,7,257,40,28.55,190,135.26,0,0,19,10,2.0
636,37,Ajinkya  Rahane,13,12,0,339,72,28.25,291,116.49,0,3,38,3,2.0
637,38,Aaron  Finch,13,13,2,309,88,28.09,263,117.49,0,2,31,9,2.0
638,39,Virat  Kohli,14,14,1,359,73,27.61,294,122.1,0,2,23,16,2.0
639,40,Faf  du Plessis,15,12,1,303,54,27.54,235,128.93,0,2,26,7,2.0
640,41,Irfan  Pathan,10,6,4,55,23,27.5,54,101.85,0,0,5,0,2.0
641,42,Virender  Sehwag,17,17,0,455,122,26.76,315,144.44,1,1,56,18,2.0
642,43,Sanju  Samson,13,13,0,339,74,26.07,273,124.17,0,2,25,17,2.0
643,44,Ambati  Rayudu,15,14,0,361,68,25.78,287,125.78,0,2,31,8,2.0
644,45,Jacques  Kallis,8,7,1,151,72,25.16,129,117.05,0,1,13,4,2.0
645,46,Cheteshwar  Pujara,6,6,1,125,40,25.0,124,100.8,0,0,17,0,2.0
646,47,Sachin  Rana,9,7,4,73,19,24.33,65,112.3,0,0,7,1,2.0
647,48,Venugopal  Rao,7,5,2,71,27,23.66,63,112.69,0,0,8,0,2.0
648,49,Michael  Hussey,9,9,0,209,56,23.22,182,114.83,0,2,17,7,2.0
649,50,Dinesh  Karthik,14,14,0,325,69,23.21,258,125.96,0,3,28,11,2.0
650,51,Gautam  Gambhir,16,16,1,335,69,22.33,293,114.33,0,3,36,4,2.0
651,52,Quinton  de Kock,7,7,0,153,48,21.85,130,117.69,0,0,19,4,2.0
652,53,Chris  Gayle,9,9,0,196,46,21.77,184,106.52,0,0,18,12,2.0
653,54,Yogesh  Takawale,5,5,0,104,45,20.8,91,114.28,0,0,17,1,2.0
654,55,Lokesh  Rahul,11,8,0,166,46,20.75,164,101.21,0,0,12,3,2.0
655,56,Parthiv  Patel,12,12,2,205,57,20.5,185,110.81,0,1,30,1,2.0
656,57,Shane  Watson,13,13,1,240,51,20.0,196,122.44,0,2,19,14,2.0
657,58,Ross  Taylor,4,4,1,59,43,19.66,59,100.0,0,0,6,0,2.0
658,59,Murali  Vijay,11,11,0,207,52,18.81,192,107.81,0,1,20,5,2.0
659,60,Mitchell  Johnson,14,8,5,56,16,18.66,50,112.0,0,0,4,3,2.0
660,61,Rahul  Shukla,3,3,2,18,14,18.0,21,85.71,0,0,2,0,2.0
661,62,Mithun  Manhas,12,5,3,35,13,17.5,23,152.17,0,0,3,1,2.0
662,63,CM  Gautam,9,9,2,121,33,17.28,111,109.0,0,0,13,5,2.0
663,64,Ankit  Sharma,3,2,0,34,30,17.0,30,113.33,0,0,4,1,2.0
664,65,Rahul  Tewatia,3,1,0,16,16,16.0,13,123.07,0,0,0,1,2.0
665,66,Jason  Holder,1,1,0,16,16,16.0,12,133.33,0,0,2,1,2.0
666,67,Aditya  Tare,15,12,4,126,24,15.75,98,128.57,0,0,16,3,3.0
667,68,Darren  Sammy,10,9,2,108,29,15.42,91,118.68,0,0,4,8,3.0
668,69,Ravichandran  Ashwin,16,6,3,45,14,15.0,45,100.0,0,0,4,0,3.0
669,70,Albie  Morkel,7,5,2,45,16,15.0,41,109.75,0,0,1,3,3.0
670,71,Vijay  Zol,3,2,0,29,16,14.5,26,111.53,0,0,3,1,3.0
671,72,Mayank  Agarwal,8,8,0,115,31,14.37,91,126.37,0,0,12,3,3.0
672,73,Abhishek  Nayar,5,4,1,43,23,14.33,47,91.48,0,0,5,1,3.0
673,74,Mitchell  Starc,14,9,3,85,29,14.16,84,101.19,0,0,9,0,3.0
674,75,Jimmy  Neesham,4,3,0,42,22,14.0,46,91.3,0,0,3,1,3.0
675,76,Rajat  Bhatia,12,7,2,67,23,13.4,53,126.41,0,0,4,3,3.0
676,77,Ben  Dunk,3,3,0,40,20,13.33,35,114.28,0,0,7,0,3.0
677,78,Ryan  ten Doeschate,10,7,3,52,25,13.0,33,157.57,0,0,3,4,3.0
678,79,Kevon  Cooper,5,5,2,39,32,13.0,26,150.0,0,0,2,3,3.0
679,80,Rilee  Rossouw,3,3,0,39,24,13.0,41,95.12,0,0,2,2,3.0
680,81,Ravi  Rampaul,2,1,0,13,13,13.0,13,100.0,0,0,0,1,3.0
681,82,Stuart  Binny,13,12,2,123,48,12.3,121,101.65,0,0,4,5,3.0
682,83,Shreyas  Gopal,4,1,0,11,11,11.0,10,110.0,0,0,1,0,3.0
683,84,Karn  Sharma,14,8,4,42,17,10.5,29,144.82,0,0,1,3,3.0
684,85,Axar  Patel,17,8,2,62,42,10.33,60,103.33,0,0,6,1,3.0
685,86,Piyush  Chawla,11,5,2,31,17,10.33,19,163.15,0,0,4,1,3.0
686,87,Laxmi  Ratan Shukla,5,3,0,31,21,10.33,38,81.57,0,0,2,1,3.0
687,88,Mandeep  Singh,3,3,0,24,21,8.0,26,92.3,0,0,2,0,3.0
688,89,Nic  Maddinson,2,2,0,16,12,8.0,14,114.28,0,0,3,0,3.0
689,90,Zaheer  Khan,6,4,3,8,7,8.0,7,114.28,0,0,0,1,3.0
690,91,Ben  Cutting,1,1,0,8,8,8.0,6,133.33,0,0,0,1,3.0
691,92,Dale  Steyn,14,4,1,22,12,7.33,26,84.61,0,0,1,0,3.0
692,93,Harshal  Patel,3,3,1,13,6,6.5,7,185.71,0,0,1,1,3.0
693,94,Harbhajan  Singh,14,7,2,28,10,5.6,25,112.0,0,0,2,2,3.0
694,95,Sunil  Narine,16,5,3,10,6,5.0,14,71.42,0,0,0,0,3.0
695,96,Shivam  Sharma,4,2,1,5,4,5.0,3,166.66,0,0,1,0,3.0
696,97,Moises  Henriques,4,2,0,9,9,4.5,14,64.28,0,0,1,0,3.0
697,98,Imran  Tahir,6,2,0,8,4,4.0,10,80.0,0,0,2,0,3.0
698,99,Ashok  Dinda,9,3,2,4,2,4.0,12,33.33,0,0,0,0,3.0
699,100,Amit  Mishra,10,2,1,4,4,4.0,7,57.14,0,0,0,0,3.0
700,1,Albie  Morkel,4,3,2,86,73,86.0,65,132.3,0,1,9,2,1.0
701,2,Ajinkya  Rahane,14,13,2,540,91,49.09,413,130.75,0,4,53,13,1.0
702,3,Jagadeesha  Suchith,13,6,5,48,34,48.0,32,150.0,0,0,4,2,1.0
703,4,AB  de Villiers,16,14,3,513,133,46.63,293,175.08,1,2,60,22,1.0
704,5,Virat  Kohli,16,16,5,505,82,45.9,386,130.82,0,3,35,23,1.0
705,6,Lendl  Simmons,13,13,1,540,71,45.0,441,122.44,0,6,56,21,1.0
706,7,Yusuf  Pathan,13,12,5,312,52,44.57,231,135.06,0,1,29,12,1.0
707,8,Shane  Watson,10,9,1,347,104,43.37,257,135.01,1,1,37,14,1.0
708,9,David  Warner,14,14,1,562,91,43.23,359,156.54,0,7,65,21,1.0
709,10,JP  Duminy,14,13,3,414,78,41.4,315,131.42,0,4,27,20,1.0
710,11,Moises  Henriques,9,9,2,287,74,41.0,211,136.01,0,2,19,13,1.0
711,12,Chris  Gayle,14,14,2,491,117,40.91,333,147.44,1,2,39,38,1.0
712,13,Quinton  de Kock,3,3,0,122,69,40.66,77,158.44,0,2,18,4,1.0
713,14,Kieron  Pollard,16,14,3,419,70,38.09,256,163.67,0,2,28,28,1.0
714,15,Corey  Anderson,4,4,1,114,55,38.0,97,117.52,0,2,11,6,1.0
715,16,Chris  Morris,11,7,5,76,34,38.0,46,165.21,0,0,3,5,1.0
716,17,Andre  Russell,13,11,2,326,66,36.22,169,192.89,0,3,35,19,1.0
717,18,Rohit  Sharma,16,16,2,482,98,34.42,333,144.74,0,3,41,21,1.0
718,19,Shreyas  Iyer,14,14,1,439,83,33.76,342,128.36,0,4,41,21,1.0
719,20,Brendon  McCullum,14,14,1,436,100,33.53,280,155.71,1,2,51,23,1.0
720,21,David  Miller,13,13,2,357,89,32.45,266,134.21,0,2,21,21,1.0
721,22,Ambati  Rayudu,15,14,5,281,53,31.22,193,145.59,0,1,18,16,1.0
722,23,MS  Dhoni,17,17,5,372,53,31.0,305,121.96,0,1,27,17,1.0
723,24,Kane  Williamson,2,2,1,31,26,31.0,27,114.81,0,0,1,1,1.0
724,25,David  Wiese,14,7,3,122,47,30.5,86,141.86,0,0,12,4,1.0
725,26,Robin  Uthappa,13,13,1,364,80,30.33,277,131.4,0,1,42,7,1.0
726,27,Faf  du Plessis,17,15,2,380,55,29.23,304,125.0,0,1,37,5,1.0
727,28,Ravi  Bopara,9,8,3,145,41,29.0,120,120.83,0,0,6,6,1.0
728,29,Umesh  Yadav,12,4,3,29,24,29.0,14,207.14,0,0,5,1,1.0
729,30,Manoj  Tiwary,5,3,1,57,32,28.5,56,101.78,0,0,8,1,1.0
730,31,Lokesh  Rahul,9,8,3,142,44,28.4,126,112.69,0,0,8,5,1.0
731,32,Sarfaraz  Khan,13,8,4,111,45,27.75,71,156.33,0,0,12,2,1.0
732,33,Shikhar  Dhawan,14,14,1,353,54,27.15,286,123.42,0,3,45,6,1.0
733,34,Steve  Smith,14,12,1,293,79,26.63,221,132.57,0,2,33,3,2.0
734,35,Parthiv  Patel,14,14,1,339,59,26.07,246,137.8,0,2,47,5,2.0
735,36,Gautam  Gambhir,13,13,0,327,60,25.15,278,117.62,0,3,41,4,2.0
736,37,Dwayne  Smith,16,16,0,399,62,24.93,335,119.1,0,2,52,16,2.0
737,38,Suresh  Raina,17,17,2,374,62,24.93,304,123.02,0,2,31,16,2.0
738,39,Ashish  Reddy,6,5,2,73,22,24.33,46,158.69,0,0,3,5,2.0
739,40,Mayank  Agarwal,10,10,1,213,68,23.66,177,120.33,0,2,23,7,2.0
740,41,Kedar  Jadhav,14,12,4,189,63,23.62,140,135.0,0,1,16,7,2.0
741,42,George  Bailey,13,13,2,259,61,23.54,190,136.31,0,2,22,7,2.0
742,43,Eoin  Morgan,9,9,1,187,63,23.37,151,123.84,0,1,11,11,2.0
743,44,Axar  Patel,14,12,3,206,40,22.88,174,118.39,0,0,13,8,2.0
744,45,Murali  Vijay,11,11,0,251,39,22.81,228,110.08,0,0,27,8,2.0
745,46,Mandeep  Singh,14,9,2,157,54,22.42,100,157.0,0,1,17,6,2.0
746,47,Hardik  Pandya,9,8,3,112,61,22.4,62,180.64,0,1,9,8,2.0
747,48,Dwayne  Bravo,17,14,5,195,62,21.66,148,131.75,0,1,22,5,2.0
748,49,Angelo  Mathews,11,10,3,144,28,20.57,104,138.46,0,0,12,6,2.0
749,50,Manish  Pandey,13,12,1,225,40,20.45,184,122.28,0,0,22,7,2.0
750,51,Sanju  Samson,14,11,1,204,76,20.4,163,125.15,0,1,16,8,2.0
751,52,Unmukt  Chand,6,5,0,102,58,20.4,83,122.89,0,1,13,2,2.0
752,53,Ryan  ten Doeschate,6,5,2,61,38,20.33,45,135.55,0,0,4,3,2.0
753,54,Shaun  Marsh,4,4,0,81,65,20.25,58,139.65,0,1,7,3,2.0
754,55,Dale  Steyn,6,3,2,20,19,20.0,13,153.84,0,0,3,0,2.0
755,56,Michael  Hussey,4,4,0,77,56,19.25,70,110.0,0,1,5,3,2.0
756,57,Wriddhiman  Saha,14,13,0,249,42,19.15,197,126.39,0,0,16,10,2.0
757,58,Yuvraj  Singh,14,13,0,248,57,19.07,210,118.09,0,2,23,10,2.0
758,59,Ravindra  Jadeja,17,12,5,132,24,18.85,126,104.76,0,0,7,3,2.0
759,60,Stuart  Binny,13,8,4,74,20,18.5,66,112.12,0,0,7,1,2.0
760,61,Manvinder  Bisla,2,2,0,37,20,18.5,30,123.33,0,0,6,1,2.0
761,62,James  Faulkner,13,11,3,144,46,18.0,109,132.11,0,0,12,5,2.0
762,63,Rishi  Dhawan,5,5,3,36,25,18.0,33,109.09,0,0,2,2,2.0
763,64,Suryakumar  Yadav,13,13,4,157,46,17.44,113,138.93,0,0,12,8,2.0
764,65,Karn  Sharma,14,9,3,104,32,17.33,85,122.35,0,0,3,6,2.0
765,66,Ravichandran  Ashwin,14,6,3,52,23,17.33,32,162.5,0,0,6,1,2.0
766,67,Bhuvneshwar  Kumar,14,3,2,17,11,17.0,10,170.0,0,0,2,1,3.0
767,68,Deepak  Hooda,14,9,0,151,54,16.77,95,158.94,0,1,6,11,3.0
768,69,Harbhajan  Singh,15,10,3,117,64,16.71,73,160.27,0,1,9,9,3.0
769,70,Karun  Nair,14,12,1,181,61,16.45,145,124.82,0,1,18,5,3.0
770,71,Pawan  Negi,10,9,1,116,36,14.5,73,158.9,0,0,10,5,3.0
771,72,Naman  Ojha,14,11,1,137,28,13.7,121,113.22,0,0,12,4,3.0
772,73,Piyush  Chawla,13,8,4,54,22,13.5,47,114.89,0,0,5,2,3.0
773,74,Glenn  Maxwell,11,11,0,145,43,13.18,112,129.46,0,0,13,8,3.0
774,75,Tim  Southee,7,3,2,13,7,13.0,9,144.44,0,0,1,0,3.0
775,76,Mitchell  McClenaghan,12,3,2,13,12,13.0,6,216.66,0,0,0,2,3.0
776,77,Dinesh  Karthik,16,11,0,141,28,12.81,117,120.51,0,0,15,4,3.0
777,78,Virender  Sehwag,8,8,0,99,47,12.37,84,117.85,0,0,12,3,3.0
778,79,Shakib  Al Hasan,4,3,0,36,23,12.0,27,133.33,0,0,5,0,3.0
779,80,Manan  Vohra,7,7,0,82,39,11.71,81,101.23,0,0,4,5,3.0
780,81,Aaron  Finch,3,3,1,23,10,11.5,33,69.69,0,0,4,0,3.0
781,82,Karanveer  Singh,4,3,2,11,5,11.0,16,68.75,0,0,1,0,3.0
782,83,Mitchell  Starc,13,3,2,11,9,11.0,14,78.57,0,0,1,0,3.0
783,84,Johan  Botha,4,3,0,31,17,10.33,15,206.66,0,0,5,1,3.0
784,85,Iqbal  Abdulla,5,2,0,20,20,10.0,18,111.11,0,0,4,0,3.0
785,86,Abu  Nechim,3,3,2,10,5,10.0,5,200.0,0,0,2,0,3.0
786,87,Hanuma  Vihari,5,4,0,39,16,9.75,35,111.42,0,0,6,0,3.0
787,88,Mohit  Sharma,16,6,3,28,21,9.33,18,155.55,0,0,1,2,3.0
788,89,Sandeep  Sharma,14,3,2,9,7,9.0,14,64.28,0,0,1,0,3.0
789,90,Mitchell  Johnson,9,8,4,31,13,7.75,36,86.11,0,0,1,1,3.0
790,91,Sean  Abbott,2,2,0,15,14,7.5,13,115.38,0,0,1,1,3.0
791,92,Gurkeerat  Mann Singh,5,5,0,35,15,7.0,39,89.74,0,0,3,1,3.0
792,93,Aditya  Tare,2,2,0,14,7,7.0,17,82.35,0,0,1,0,3.0
793,94,Rilee  Rossouw,2,2,0,14,14,7.0,10,140.0,0,0,1,1,3.0
794,95,Ankit  Sharma,4,2,1,7,7,7.0,6,116.66,0,0,1,0,3.0
795,96,Brad  Hogg,6,2,1,7,5,7.0,6,116.66,0,0,0,0,3.0
796,97,Darren  Sammy,2,2,0,13,7,6.5,18,72.22,0,0,0,0,3.0
797,98,Anureet  Singh,14,6,3,18,10,6.0,31,58.06,0,0,0,1,3.0
798,99,Thisara  Perera,2,2,0,12,9,6.0,15,80.0,0,0,0,1,3.0
799,100,Varun  Aaron,6,1,0,6,6,6.0,3,200.0,0,0,0,1,3.0
800,1,Virat  Kohli,16,16,4,973,113,81.08,640,152.03,4,7,83,38,1.0
801,2,Yusuf  Pathan,15,13,8,361,63,72.2,248,145.56,0,3,33,13,1.0
802,3,Chris  Morris,12,7,4,195,82,65.0,109,178.89,0,1,15,12,1.0
803,4,David  Warner,17,17,3,848,93,60.57,560,151.42,0,9,88,31,1.0
804,5,AB  de Villiers,16,16,3,687,129,52.84,407,168.79,1,6,57,37,1.0
805,6,Steve  Smith,8,7,1,270,101,45.0,176,153.4,1,0,27,8,1.0
806,7,Rohit  Sharma,14,14,3,489,85,44.45,368,132.88,0,5,49,16,1.0
807,8,Lokesh  Rahul,14,12,3,397,68,44.11,271,146.49,0,4,37,16,1.0
808,9,Ajinkya  Rahane,14,14,3,480,74,43.63,379,126.64,0,6,54,9,1.0
809,10,MS  Dhoni,14,12,5,284,64,40.57,210,135.23,0,1,18,14,1.0
810,11,Krunal  Pandya,12,9,3,237,86,39.5,124,191.12,0,1,22,13,1.0
811,12,Aaron  Finch,13,12,2,393,74,39.3,299,131.43,0,5,45,11,1.0
812,13,Shikhar  Dhawan,17,17,4,501,82,38.53,429,116.78,0,4,51,8,1.0
813,14,Gautam  Gambhir,15,15,2,501,90,38.53,411,121.89,0,5,54,6,1.0
814,15,JP  Duminy,10,8,3,191,49,38.2,156,122.43,0,0,13,3,1.0
815,16,Quinton  de Kock,13,13,1,445,108,37.08,327,136.08,1,3,52,13,1.0
816,17,Marcus  Stoinis,7,5,1,146,52,36.5,108,135.18,0,1,13,4,1.0
817,18,Kevin  Pietersen,4,4,2,73,37,36.5,61,119.67,0,0,4,3,1.0
818,19,Karun  Nair,14,12,2,357,83,35.7,297,120.2,0,3,40,6,1.0
819,20,Murali  Vijay,14,14,1,453,89,34.84,364,124.45,0,5,50,10,1.0
820,21,Nitish  Rana,4,3,0,104,70,34.66,75,138.66,0,1,7,8,1.0
821,22,Faf  du Plessis,6,6,0,206,69,34.33,162,127.16,0,2,17,9,1.0
822,23,Rajat  Bhatia,10,6,5,34,21,34.0,20,170.0,0,0,1,2,1.0
823,24,Sarfaraz  Khan,5,4,2,66,35,33.0,31,212.9,0,0,7,4,1.0
824,25,Ben  Cutting,4,4,2,65,39,32.5,34,191.17,0,0,4,6,1.0
825,26,Shaun  Marsh,6,6,1,159,56,31.8,134,118.65,0,1,13,4,1.0
826,27,Manish  Pandey,12,11,3,248,52,31.0,183,135.51,0,2,17,9,1.0
827,28,Harbhajan  Singh,14,7,4,92,45,30.66,84,109.52,0,0,11,2,1.0
828,29,Ambati  Rayudu,13,12,1,334,65,30.36,278,120.14,0,2,28,12,1.0
829,30,Dwayne  Smith,12,12,1,324,73,29.45,221,146.6,0,3,35,16,1.0
830,31,Suresh  Raina,15,15,1,399,75,28.5,312,127.88,0,3,39,10,1.0
831,32,Pawan  Negi,8,6,4,57,19,28.5,59,96.61,0,0,2,3,1.0
832,33,Travis  Head,3,3,1,54,37,27.0,40,135.0,0,0,3,2,1.0
833,34,Andre  Russell,12,8,1,188,39,26.85,114,164.91,0,0,10,15,2.0
834,35,Suryakumar  Yadav,15,11,4,186,60,26.57,143,130.06,0,1,19,5,2.0
835,36,Sanju  Samson,14,14,3,291,60,26.45,259,112.35,0,1,20,8,2.0
836,37,Robin  Uthappa,15,15,0,394,72,26.26,289,136.33,0,3,45,8,2.0
837,38,Yuvraj  Singh,10,10,1,236,44,26.22,179,131.84,0,0,22,13,2.0
838,39,Hashim  Amla,6,6,0,157,96,26.16,119,131.93,0,1,20,4,2.0
839,40,Kieron  Pollard,13,12,4,207,51,25.87,144,143.75,0,1,11,16,2.0
840,41,Dinesh  Karthik,16,15,2,335,53,25.76,266,125.93,0,3,38,3,2.0
841,42,James  Faulkner,7,5,2,77,32,25.66,59,130.5,0,0,7,0,2.0
842,43,Bipul  Sharma,7,4,2,51,27,25.5,25,204.0,0,0,1,5,2.0
843,44,Chris  Lynn,2,2,1,25,15,25.0,22,113.63,0,0,0,1,2.0
844,45,Rishabh  Pant,10,10,2,198,69,24.75,152,130.26,0,1,19,6,2.0
845,46,Eoin  Morgan,7,6,1,123,51,24.6,105,117.14,0,1,8,4,2.0
846,47,Wriddhiman  Saha,12,12,1,270,56,24.54,212,127.35,0,2,29,1,2.0
847,48,Saurabh  Tiwary,10,7,0,170,57,24.28,141,120.56,0,2,17,4,2.0
848,49,Sachin  Baby,11,6,1,119,33,23.8,79,150.63,0,0,9,5,2.0
849,50,Ashish  Reddy,4,3,1,47,32,23.5,29,162.06,0,0,2,4,2.0
850,51,Jos  Buttler,14,14,3,255,41,23.18,184,138.58,0,0,23,11,2.0
851,52,Manan  Vohra,7,7,0,161,51,23.0,131,122.9,0,1,19,3,2.0
852,53,Shakib  Al Hasan,10,7,2,114,66,22.8,106,107.54,0,1,7,5,2.0
853,54,Chris  Gayle,10,10,0,227,76,22.7,150,151.33,0,2,17,21,2.0
854,55,Gurkeerat  Mann Singh,7,6,1,113,51,22.6,86,131.39,0,1,11,3,2.0
855,56,Brendon  McCullum,16,16,0,354,60,22.12,262,135.11,0,1,38,16,2.0
856,57,Sam  Billings,5,4,0,88,54,22.0,64,137.5,0,1,4,4,2.0
857,58,Thisara  Perera,12,10,3,150,34,21.42,93,161.29,0,0,7,11,2.0
858,59,Ravindra  Jadeja,15,15,6,191,36,21.22,178,107.3,0,0,14,4,2.0
859,60,Usman  Khawaja,6,6,0,127,30,21.16,100,127.0,0,0,14,3,2.0
860,61,George  Bailey,6,5,1,84,34,21.0,98,85.71,0,0,9,2,2.0
861,62,Stuart  Binny,14,6,3,63,21,21.0,39,161.53,0,0,5,4,2.0
862,63,Kane  Williamson,6,6,0,124,50,20.66,122,101.63,0,1,14,0,2.0
863,64,Ravichandran  Ashwin,14,6,4,41,29,20.5,38,107.89,0,0,3,1,2.0
864,65,Glenn  Maxwell,11,11,2,179,68,19.88,124,144.35,0,2,14,8,2.0
865,66,Martin  Guptill,3,3,0,57,48,19.0,55,103.63,0,0,3,3,2.0
866,67,Pradeep  Sahu,5,2,1,19,18,19.0,13,146.15,0,0,1,1,3.0
867,68,Parthiv  Patel,10,10,0,177,81,17.7,152,116.44,0,1,23,4,3.0
868,69,David  Miller,14,13,3,161,31,16.1,131,122.9,0,0,11,4,3.0
869,70,Albie  Morkel,2,1,0,16,16,16.0,9,177.77,0,0,0,2,3.0
870,71,Axar  Patel,14,10,3,111,36,15.85,77,144.15,0,0,4,8,3.0
871,72,Moises  Henriques,17,15,3,182,31,15.16,158,115.18,0,0,15,6,3.0
872,73,Carlos  Brathwaite,8,6,0,83,34,13.83,38,218.42,0,0,6,8,3.0
873,74,Shane  Watson,16,15,2,179,36,13.76,134,133.58,0,0,14,12,3.0
874,75,Naman  Ojha,17,13,3,136,37,13.6,138,98.55,0,0,7,5,3.0
875,76,Kyle  Abbott,5,3,2,13,12,13.0,8,162.5,0,0,0,1,3.0
876,77,Vinay  Kumar,3,2,1,13,12,13.0,12,108.33,0,0,0,1,3.0
877,78,KC  Cariappa,5,2,1,13,12,13.0,11,118.18,0,0,0,1,3.0
878,79,Dwayne  Bravo,15,13,5,99,22,12.37,82,120.73,0,0,11,1,3.0
879,80,Eklavya  Dwivedi,4,2,0,24,19,12.0,14,171.42,0,0,2,2,3.0
880,81,Dhawal  Kulkarni,14,5,3,23,6,11.5,15,153.33,0,0,2,0,3.0
881,82,Nikhil  Naik,2,2,0,23,22,11.5,31,74.19,0,0,1,0,3.0
882,83,Mitchell  McClenaghan,14,5,2,34,20,11.33,23,147.82,0,0,2,3,3.0
883,84,Deepak  Hooda,17,15,1,144,34,10.28,121,119.0,0,0,9,5,3.0
884,85,Tim  Southee,11,4,1,30,25,10.0,19,157.89,0,0,1,2,3.0
885,86,Colin  Munro,4,3,0,30,16,10.0,30,100.0,0,0,3,0,3.0
886,87,Parveez  Rasool,4,1,0,10,10,10.0,9,111.11,0,0,1,0,3.0
887,88,Mayank  Agarwal,3,3,0,27,10,9.0,25,108.0,0,0,3,1,3.0
888,89,Piyush  Chawla,12,3,0,27,11,9.0,26,103.84,0,0,4,0,3.0
889,90,Umesh  Yadav,9,2,1,9,7,9.0,5,180.0,0,0,0,1,3.0
890,91,Ishan  Kishan,5,5,0,42,27,8.4,41,102.43,0,0,5,0,3.0
891,92,Mohit  Sharma,14,6,2,32,15,8.0,26,123.07,0,0,3,1,3.0
892,93,Rajagopal  Sathish,4,3,0,24,10,8.0,24,100.0,0,0,1,1,3.0
893,94,Jasprit  Bumrah,14,2,1,8,6,8.0,11,72.72,0,0,1,0,3.0
894,95,Lendl  Simmons,1,1,0,8,8,8.0,8,100.0,0,0,0,1,3.0
895,96,Bhuvneshwar  Kumar,17,8,2,43,21,7.16,27,159.25,0,0,6,1,3.0
896,97,Praveen  Kumar,16,7,3,28,15,7.0,27,103.7,0,0,4,0,3.0
897,98,Farhaan  Behardien,3,3,1,14,9,7.0,13,107.69,0,0,2,0,3.0
898,99,Sunil  Narine,11,4,3,7,4,7.0,13,53.84,0,0,0,0,3.0
899,100,Mitchell  Marsh,3,1,0,7,7,7.0,11,63.63,0,0,0,0,3.0
900,1,Hashim  Amla,10,10,3,420,104,60.0,288,145.83,2,2,40,17,1.0
901,2,David  Warner,14,14,3,641,126,58.27,452,141.81,1,4,63,26,1.0
902,3,Saurabh  Tiwary,1,1,0,52,52,52.0,43,120.93,0,1,9,0,1.0
903,4,Vijay  Shankar,4,4,2,101,63,50.5,75,134.66,0,1,12,1,1.0
904,5,Manish  Pandey,14,13,5,396,81,49.5,308,128.57,0,2,28,12,1.0
905,6,Chris  Lynn,7,7,1,295,93,49.16,163,180.98,0,3,25,19,1.0
906,7,Amit  Mishra,14,6,5,49,13,49.0,52,94.23,0,0,2,2,1.0
907,8,Moises  Henriques,12,11,5,277,55,46.16,203,136.45,0,3,28,4,1.0
908,9,Kane  Williamson,7,7,1,256,89,42.66,169,151.47,0,2,20,10,1.0
909,10,Gautam  Gambhir,16,16,4,498,76,41.5,389,128.02,0,4,61,7,1.0
910,11,Suresh  Raina,14,14,3,442,84,40.18,307,143.97,0,3,42,13,1.0
911,12,Ravindra  Jadeja,12,10,6,158,28,39.5,113,139.82,0,0,13,4,1.0
912,13,Steve  Smith,15,15,3,472,84,39.33,387,121.96,0,3,38,12,1.0
913,14,Shikhar  Dhawan,14,14,1,479,77,36.84,376,127.39,0,3,53,9,1.0
914,15,Dinesh  Karthik,14,13,3,361,65,36.1,259,139.38,0,2,30,11,1.0
915,16,Hardik  Pandya,17,16,9,250,35,35.71,160,156.25,0,0,11,20,1.0
916,17,Krunal  Pandya,13,11,4,243,47,34.71,179,135.75,0,0,24,7,1.0
917,18,Shreyas  Iyer,12,12,2,338,96,33.8,243,139.09,0,2,36,10,1.0
918,19,Shaun  Marsh,9,8,0,264,84,33.0,194,136.08,0,2,36,5,1.0
919,20,Ishank  Jaggi,2,2,1,33,28,33.0,39,84.61,0,0,3,0,1.0
920,21,Manoj  Tiwary,15,13,3,324,60,32.4,236,137.28,0,2,31,11,1.0
921,22,Ben  Stokes,12,11,1,316,103,31.6,221,142.98,1,1,22,15,1.0
922,23,Glenn  Maxwell,14,13,3,310,47,31.0,179,173.18,0,0,19,26,1.0
923,24,Bipul  Sharma,7,3,2,31,21,31.0,24,129.16,0,0,2,1,1.0
924,25,Virat  Kohli,10,10,0,308,64,30.8,252,122.22,0,4,23,11,1.0
925,26,Chris  Morris,9,9,4,154,52,30.8,94,163.82,0,1,15,6,1.0
926,27,Nitish  Rana,13,12,1,333,62,30.27,264,126.13,0,3,24,17,1.0
927,28,Travis  Head,7,7,2,151,75,30.2,108,139.81,0,1,9,6,1.0
928,29,Robin  Uthappa,14,13,0,388,87,29.84,235,165.1,0,5,36,21,1.0
929,30,Kieron  Pollard,17,16,3,385,70,29.61,276,139.49,0,3,26,22,1.0
930,31,Jason  Roy,3,3,1,59,31,29.5,40,147.5,0,0,9,1,1.0
931,32,Brendon  McCullum,11,12,1,320,72,29.09,220,145.45,0,2,29,18,1.0
932,33,Axar  Patel,14,13,5,227,44,28.37,162,140.12,0,0,11,11,1.0
933,34,Yuvraj  Singh,12,11,2,252,70,28.0,177,142.37,0,2,30,8,2.0
934,35,Rahul  Tripathi,14,14,0,391,93,27.92,267,146.44,0,2,43,17,2.0
935,36,Ishan  Kishan,11,10,0,277,61,27.7,206,134.46,0,1,29,13,2.0
936,37,David  Miller,5,4,1,83,30,27.66,80,103.75,0,0,4,4,2.0
937,38,Sanju  Samson,14,14,0,386,102,27.57,273,141.39,1,2,32,19,2.0
938,39,Jos  Buttler,10,10,0,272,77,27.2,177,153.67,0,1,27,15,2.0
939,40,AB  de Villiers,9,9,1,216,89,27.0,163,132.51,0,1,12,16,2.0
940,41,Andrew  Tye,6,3,1,53,25,26.5,30,176.66,0,0,4,3,2.0
941,42,MS  Dhoni,16,15,4,290,61,26.36,250,116.0,0,1,15,16,2.0
942,43,Rishabh  Pant,14,14,0,366,97,26.14,221,165.61,0,2,28,24,2.0
943,44,Deepak  Hooda,10,6,3,78,19,26.0,52,150.0,0,0,5,4,2.0
944,45,Ben  Cutting,4,3,1,51,20,25.5,26,196.15,0,0,5,3,2.0
945,46,Ajinkya  Rahane,16,16,1,382,60,25.46,323,118.26,0,2,35,9,2.0
946,47,Manan  Vohra,11,9,0,229,95,25.44,159,144.02,0,1,23,9,2.0
947,48,Aaron  Finch,13,14,2,300,72,25.0,184,163.04,0,2,25,19,2.0
948,49,Aniket  Choudhary,5,3,2,25,15,25.0,20,125.0,0,0,1,1,2.0
949,50,Ankit  Sharma,1,1,0,25,25,25.0,15,166.66,0,0,2,1,2.0
950,51,Parthiv  Patel,16,16,0,395,70,24.68,293,134.81,0,2,49,8,2.0
951,52,Rohit  Sharma,17,16,2,333,67,23.78,273,121.97,0,3,31,9,2.0
952,53,Wriddhiman  Saha,14,11,1,234,93,23.4,187,125.13,0,1,20,8,2.0
953,54,Sam  Billings,6,6,0,138,55,23.0,104,132.69,0,1,19,1,2.0
954,55,Kedar  Jadhav,13,13,1,267,69,22.25,186,143.54,0,1,25,10,2.0
955,56,Chris  Gayle,9,9,0,200,77,22.22,163,122.69,0,1,15,14,2.0
956,57,Martin  Guptill,7,7,1,132,50,22.0,88,150.0,0,1,17,5,2.0
957,58,Dwayne  Smith,12,12,1,239,74,21.72,156,153.2,0,2,32,8,2.0
958,59,Karun  Nair,14,13,0,281,64,21.61,226,124.33,0,1,39,6,2.0
959,60,Corey  Anderson,11,11,4,142,41,20.28,123,115.44,0,0,8,9,2.0
960,61,Naman  Ojha,14,5,1,79,34,19.75,65,121.53,0,0,2,3,2.0
961,62,Lendl  Simmons,7,7,0,137,66,19.57,112,122.32,0,2,10,8,2.0
962,63,Sheldon  Jackson,4,3,1,38,16,19.0,31,122.58,0,0,5,0,2.0
963,64,Rahul  Tewatia,3,2,1,19,15,19.0,11,172.72,0,0,4,0,2.0
964,65,Mandeep  Singh,11,10,0,188,52,18.8,177,106.21,0,1,21,4,2.0
965,66,Kagiso  Rabada,6,3,0,55,44,18.33,64,85.93,0,0,5,1,2.0
966,67,Ambati  Rayudu,5,5,0,91,63,18.2,78,116.66,0,1,7,3,3.0
967,68,Pawan  Negi,12,10,2,144,35,18.0,111,129.72,0,0,10,7,3.0
968,69,Yusuf  Pathan,15,11,3,143,59,17.87,115,124.34,0,1,9,6,3.0
969,70,Suryakumar  Yadav,10,7,1,105,31,17.5,88,119.31,0,0,8,3,3.0
970,71,Sunil  Narine,16,14,1,224,54,17.23,130,172.3,0,1,34,10,3.0
971,72,Eoin  Morgan,4,4,0,65,26,16.25,62,104.83,0,0,6,2,3.0
972,73,Angelo  Mathews,3,2,0,32,31,16.0,27,118.51,0,0,2,1,3.0
973,74,Rajat  Bhatia,3,2,1,16,16,16.0,17,94.11,0,0,0,1,3.0
974,75,Jasprit  Bumrah,16,2,1,16,16,16.0,12,133.33,0,0,0,1,3.0
975,76,Dan  Christian,13,9,4,79,17,15.8,49,161.22,0,0,5,5,3.0
976,77,Colin  de Grandhomme,12,9,1,126,36,15.75,92,136.95,0,0,10,6,3.0
977,78,Stuart  Binny,8,7,2,78,18,15.6,76,102.63,0,0,6,3,3.0
978,79,Pat  Cummins,12,9,4,77,24,15.4,53,145.28,0,0,5,4,3.0
979,80,Anureet  Singh,1,1,0,15,15,15.0,12,125.0,0,0,2,0,3.0
980,81,Deepak  Chahar,3,1,0,14,14,14.0,6,233.33,0,0,0,2,3.0
981,82,James  Faulkner,8,6,2,54,21,13.5,57,94.73,0,0,4,0,3.0
982,83,Shane  Watson,8,7,1,71,24,11.83,78,91.02,0,0,6,1,3.0
983,84,Chris  Woakes,13,7,3,46,18,11.5,47,97.87,0,0,4,1,3.0
984,85,Kuldeep  Yadav,12,2,0,20,16,10.0,22,90.9,0,0,2,0,3.0
985,86,Mohammed  Shami,8,6,2,36,21,9.0,24,150.0,0,0,4,2,3.0
986,87,Washington  Sundar,11,5,4,9,5,9.0,12,75.0,0,0,0,0,3.0
987,88,Mayank  Agarwal,3,3,0,26,20,8.66,27,96.29,0,0,3,0,3.0
988,89,Mohit  Sharma,14,7,1,51,13,8.5,50,102.0,0,0,3,1,3.0
989,90,Karn  Sharma,9,6,0,49,19,8.16,41,119.51,0,0,5,2,3.0
990,91,Sreenath  Arvind,10,8,4,32,9,8.0,40,80.0,0,0,2,0,3.0
991,92,Harbhajan  Singh,11,7,5,16,7,8.0,16,100.0,0,0,0,1,3.0
992,93,Praveen  Kumar,6,2,1,8,7,8.0,9,88.88,0,0,0,0,3.0
993,94,Faf  du Plessis,2,1,0,8,8,8.0,7,114.28,0,0,1,0,3.0
994,95,Marlon  Samuels,5,4,0,29,27,7.25,31,93.54,0,0,1,2,3.0
995,96,Tim  Southee,3,1,0,7,7,7.0,3,233.33,0,0,0,1,3.0
996,97,Ashok  Dinda,3,1,0,7,7,7.0,7,100.0,0,0,1,0,3.0
997,98,Vishnu  Vinod,3,3,0,19,9,6.33,26,73.07,0,0,1,1,3.0
998,99,Aditya  Tare,3,3,0,18,18,6.0,23,78.26,0,0,3,0,3.0
999,100,Carlos  Brathwaite,2,2,0,12,11,6.0,15,80.0,0,0,2,0,3.0
