,Unnamed: 0,BATSMEN,R,B,4s,6s,SR,sumpts_r,sumpts_4,sumpts_6,sumpts_50,sumpts_100,sumpts_sr,total
0,0,RGSharma,15,18,1,1,83.33,7.5,0.5,1,0,0,0,9
1,1,ELewis,0,2,0,0,0,0,0,0,0,0,-3,-3
2,2,IshanKishan,40,29,4,1,137.93,20,2,1,0,0,0,23
3,3,SAYadav,43,29,6,1,148.27,21.5,3,1,0,0,0,25.5
4,4,HHPandya,22,20,2,0,110,11,1,0,0,0,0,12
5,5,KHPandya,41,22,5,2,186.36,20.5,2.5,2,0,0,0,25
6,7,SRWatson,16,14,1,1,114.28,8,0.5,1,0,0,0,9.5
7,8,ATRayudu,22,19,4,0,115.78,11,2,0,0,0,0,13
8,9,SKRaina,4,6,0,0,66.66,2,0,0,0,0,-1,1
9,10,KMJadhav,24,22,1,2,109.09,12,0.5,2,0,0,0,14.5
10,11,MSDhoni,5,5,0,0,100,2.5,0,0,0,0,0,2.5
11,12,RAJadeja,12,13,1,0,92.3,6,0.5,0,0,0,0,6.5
12,13,DJBravo,68,30,3,7,226.66,34,1.5,7,4,0,0,46.5
13,14,DLChahar,0,1,0,0,0,0,0,0,0,0,-3,-3
14,15,HarbhajanSingh,8,5,1,0,160,4,0.5,0,0,0,0,4.5
15,16,MAWood,1,3,0,0,33.33,0.5,0,0,0,0,-3,-2.5
16,17,ImranTahir,2,2,0,0,100,1,0,0,0,0,0,1
17,18,CMunro,4,6,0,0,66.66,2,0,0,0,0,-1,1
18,19,GGambhir,55,42,5,1,130.95,27.5,2.5,1,4,0,0,35
19,20,SSIyer,11,11,0,1,100,5.5,0,1,0,0,0,6.5
20,21,VShankar,13,13,0,0,100,6.5,0,0,0,0,0,6.5
21,22,RRPant,28,13,4,1,215.38,14,2,1,0,0,0,17
22,23,RTewatia,9,7,1,0,128.57,4.5,0.5,0,0,0,0,5
23,24,CHMorris,27,16,1,1,168.75,13.5,0.5,1,0,0,0,15
24,25,DTChristian,13,13,0,1,100,6.5,0,1,0,0,0,7.5
25,27,KLRahul,51,16,6,4,318.75,25.5,3,4,4,0,0,36.5
26,28,MAAgarwal,7,5,0,1,140,3.5,0,1,0,0,0,4.5
27,29,YuvrajSingh,12,22,2,0,54.54,6,1,0,0,0,-2,5
28,30,KKNair,50,33,5,2,151.51,25,2.5,2,4,0,0,33.5
29,31,DAMiller,24,23,1,0,104.34,12,0.5,0,0,0,0,12.5
30,32,MPStoinis,22,15,2,0,146.66,11,1,0,0,0,0,12
31,33,BBMcCullum,43,27,6,2,159.25,21.5,3,2,0,0,0,26.5
32,34,QdeKock,4,4,1,0,100,2,0.5,0,0,0,0,2.5
33,35,VKohli,31,33,1,1,93.93,15.5,0.5,1,0,0,0,17
34,36,ABdeVilliers,44,23,1,5,191.3,22,0.5,5,0,0,0,27.5
35,37,SNKhan,6,10,0,0,60,3,0,0,0,0,-1,2
36,38,MandeepSingh,37,18,4,2,205.55,18.5,2,2,0,0,0,22.5
37,39,CRWoakes,5,5,1,0,100,2.5,0.5,0,0,0,0,3
39,42,SPNarine,50,19,4,5,263.15,25,2,5,4,0,0,36
40,43,CALynn,5,8,1,0,62.5,2.5,0.5,0,0,0,-1,2
41,44,RVUthappa,13,12,0,1,108.33,6.5,0,1,0,0,0,7.5
42,45,NRana,34,25,2,2,136,17,1,2,0,0,0,20
43,46,KDKarthik,35,29,4,0,120.68,17.5,2,0,0,0,0,19.5
44,47,RKSingh,6,6,1,0,100,3,0.5,0,0,0,0,3.5
45,48,ADRussell,15,11,2,1,136.36,7.5,1,1,0,0,0,9.5
46,49,RVinayKumar,6,3,1,0,200,3,0.5,0,0,0,0,3.5
47,50,AMRahane,13,13,2,0,100,6.5,1,0,0,0,0,7.5
48,51,DJMShort,4,4,1,0,100,2,0.5,0,0,0,0,2.5
49,52,SVSamson,49,42,5,0,116.66,24.5,2.5,0,0,0,0,27
50,53,BAStokes,5,8,0,0,62.5,2.5,0,0,0,0,-1,1.5
51,54,RATripathi,17,15,2,0,113.33,8.5,1,0,0,0,0,9.5
52,55,JCButtler,6,9,0,0,66.66,3,0,0,0,0,-1,2
53,56,KGowtham,0,2,0,0,0,0,0,0,0,0,-3,-3
54,57,SGopal,18,18,2,0,100,9,1,0,0,0,0,10
55,58,DSKulkarni,3,4,0,0,75,1.5,0,0,0,0,0,1.5
56,59,JDUnadkat,1,2,0,0,50,0.5,0,0,0,0,-2,-1.5
57,60,BLaughlin,1,3,0,0,33.33,0.5,0,0,0,0,-3,-2.5
58,62,WPSaha,5,5,1,0,100,2.5,0.5,0,0,0,0,3
59,63,SDhawan,78,57,13,1,136.84,39,6.5,1,4,0,0,50.5
60,64,KSWilliamson,36,35,3,1,102.85,18,1.5,1,0,0,0,20.5
61,65,CALynn,22,16,4,0,137.5,11,2,0,0,0,0,13
62,66,SPNarine,12,4,0,2,300,6,0,2,0,0,0,8
63,67,RVUthappa,29,16,2,3,181.25,14.5,1,3,0,0,0,18.5
64,68,NRana,16,14,2,0,114.28,8,1,0,0,0,0,9
65,69,KDKarthik,26,25,2,1,104,13,1,1,0,0,0,15
66,70,RKSingh,2,4,0,0,50,1,0,0,0,0,-2,-1
67,71,ADRussell,88,36,1,11,244.44,44,0.5,11,4,0,0,59.5
68,72,TKCurran,2,5,0,0,40,1,0,0,0,0,-3,-2
69,74,SRWatson,42,19,3,3,221.05,21,1.5,3,0,0,0,25.5
70,75,ATRayudu,39,26,3,2,150,19.5,1.5,2,0,0,0,23
71,76,SKRaina,14,12,0,1,116.66,7,0,1,0,0,0,8
72,77,MSDhoni,25,28,1,1,89.28,12.5,0.5,1,0,0,0,14
73,78,SWBillings,56,23,2,5,243.47,28,1,5,4,0,0,38
74,79,RAJadeja,11,7,0,1,157.14,5.5,0,1,0,0,0,6.5
75,80,DJBravo,11,5,0,1,220,5.5,0,1,0,0,0,6.5
76,81,AMRahane,45,40,5,0,112.5,22.5,2.5,0,0,0,0,25
77,82,DJMShort,6,3,1,0,200,3,0.5,0,0,0,0,3.5
78,83,BAStokes,16,12,1,1,133.33,8,0.5,1,0,0,0,9.5
79,84,SVSamson,37,22,2,2,168.18,18.5,1,2,0,0,0,21.5
80,85,JCButtler,29,18,2,2,161.11,14.5,1,2,0,0,0,17.5
81,86,RATripathi,15,11,0,1,136.36,7.5,0,1,0,0,0,8.5
82,87,KGowtham,2,1,0,0,200,1,0,0,0,0,0,1
83,89,GJMaxwell,17,12,2,1,141.66,8.5,1,1,0,0,0,10.5
85,91,RRPant,20,14,3,0,142.85,10,1.5,0,0,0,0,11.5
86,92,CHMorris,17,7,2,1,242.85,8.5,1,1,0,0,0,10.5
87,93,VShankar,3,3,0,0,100,1.5,0,0,0,0,0,1.5
89,95,RGSharma,11,10,1,1,110,5.5,0.5,1,0,0,0,7
90,96,ELewis,29,17,3,2,170.58,14.5,1.5,2,0,0,0,18
91,97,IshanKishan,9,9,2,0,100,4.5,1,0,0,0,0,5.5
92,98,SAYadav,28,31,2,1,90.32,14,1,1,0,0,0,16
93,99,KHPandya,15,10,2,0,150,7.5,1,0,0,0,0,8.5
94,100,KAPollard,28,23,3,2,121.73,14,1.5,2,0,0,0,17.5
95,101,BCJCutting,9,9,1,0,100,4.5,0.5,0,0,0,0,5
96,102,PJSangwan,0,4,0,0,0,0,0,0,0,0,-3,-3
97,103,MMarkande,6,3,1,0,200,3,0.5,0,0,0,0,3.5
98,104,JJBumrah,4,5,0,0,80,2,0,0,0,0,0,2
99,106,WPSaha,22,20,3,0,110,11,1.5,0,0,0,0,12.5
100,107,SDhawan,45,28,8,0,160.71,22.5,4,0,0,0,0,26.5
101,108,KSWilliamson,6,4,1,0,150,3,0.5,0,0,0,0,3.5
102,109,MKPandey,11,8,1,0,137.5,5.5,0.5,0,0,0,0,6
103,110,ShakibAlHasan,12,12,1,0,100,6,0.5,0,0,0,0,6.5
104,111,DJHooda,32,25,1,1,128,16,0.5,1,0,0,0,17.5
105,112,YKPathan,14,14,2,0,100,7,1,0,0,0,0,8
106,113,RashidKhan,0,1,0,0,0,0,0,0,0,0,-3,-3
107,114,SKaul,0,4,0,0,0,0,0,0,0,0,-3,-3
108,115,SandeepSharma,0,2,0,0,0,0,0,0,0,0,-3,-3
109,116,BStanlake,5,2,1,0,250,2.5,0.5,0,0,0,0,3
110,117,KLRahul,47,30,2,4,156.66,23.5,1,4,0,0,0,28.5
111,118,MAAgarwal,15,11,3,0,136.36,7.5,1.5,0,0,0,0,9
112,119,AJFinch,0,1,0,0,0,0,0,0,0,0,-3,-3
113,120,YuvrajSingh,4,4,1,0,100,2,0.5,0,0,0,0,2.5
114,121,KKNair,29,26,3,0,111.53,14.5,1.5,0,0,0,0,16
115,122,MPStoinis,11,9,0,1,122.22,5.5,0,1,0,0,0,6.5
116,123,ARPatel,2,3,0,0,66.66,1,0,0,0,0,-1,0
117,124,RAshwin,33,21,3,1,157.14,16.5,1.5,1,0,0,0,19
118,125,AJTye,7,7,0,0,100,3.5,0,0,0,0,0,3.5
119,126,MMSharma,1,2,0,0,50,0.5,0,0,0,0,-2,-1.5
120,127,MujeebUrRahman,0,2,0,0,0,0,0,0,0,0,-3,-3
121,129,QdeKock,45,34,7,1,132.35,22.5,3.5,1,0,0,0,27
122,130,BBMcCullum,0,1,0,0,0,0,0,0,0,0,-3,-3
123,131,VKohli,21,16,4,0,131.25,10.5,2,0,0,0,0,12.5
124,132,ABdeVilliers,57,40,2,4,142.5,28.5,1,4,4,0,0,37.5
125,133,SNKhan,0,1,0,0,0,0,0,0,0,0,-3,-3
126,134,MandeepSingh,22,19,1,0,115.78,11,0.5,0,0,0,0,11.5
127,135,CRWoakes,1,2,0,0,50,0.5,0,0,0,0,-2,-1.5
128,136,WashingtonSundar,9,4,2,0,225,4.5,1,0,0,0,0,5.5
129,137,SAYadav,53,32,7,1,165.62,26.5,3.5,1,4,0,0,35
130,138,ELewis,48,28,4,4,171.42,24,2,4,0,0,0,30
131,139,IshanKishan,44,23,5,2,191.3,22,2.5,2,0,0,0,26.5
132,140,RGSharma,18,15,2,0,120,9,1,0,0,0,0,10
133,141,KAPollard,0,1,0,0,0,0,0,0,0,0,-3,-3
134,142,KHPandya,11,10,1,0,110,5.5,0.5,0,0,0,0,6
135,143,HHPandya,2,3,0,0,66.66,1,0,0,0,0,-1,0
136,144,ADananjaya,4,5,0,0,80,2,0,0,0,0,0,2
137,145,MMarkande,4,3,0,0,133.33,2,0,0,0,0,0,2
138,147,JJRoy,91,53,6,6,171.69,45.5,3,6,4,0,0,58.5
139,148,GGambhir,15,16,2,0,93.75,7.5,1,0,0,0,0,8.5
140,149,RRPant,47,25,6,2,188,23.5,3,2,0,0,0,28.5
141,150,GJMaxwell,13,6,1,1,216.66,6.5,0.5,1,0,0,0,8
142,151,SSIyer,27,20,3,1,135,13.5,1.5,1,0,0,0,16
143,152,RVUthappa,3,8,0,0,37.5,1.5,0,0,0,0,-3,-1.5
144,153,CALynn,49,34,7,1,144.11,24.5,3.5,1,0,0,0,29
145,154,NRana,18,16,2,1,112.5,9,1,1,0,0,0,11
146,155,SPNarine,9,10,1,0,90,4.5,0.5,0,0,0,0,5
147,156,KDKarthik,29,27,2,1,107.4,14.5,1,1,0,0,0,16.5
148,157,ADRussell,9,5,0,1,180,4.5,0,1,0,0,0,5.5
149,158,ShubmanGill,3,9,0,0,33.33,1.5,0,0,0,0,-3,-1.5
150,159,ShivamMavi,7,8,0,0,87.5,3.5,0,0,0,0,0,3.5
151,160,MGJohnson,4,5,0,0,80,2,0,0,0,0,0,2
152,162,WPSaha,24,15,5,0,160,12,2.5,0,0,0,0,14.5
153,163,SDhawan,7,7,1,0,100,3.5,0.5,0,0,0,0,4
154,164,KSWilliamson,50,44,4,1,113.63,25,2,1,4,0,0,32
155,165,MKPandey,4,11,0,0,36.36,2,0,0,0,0,-3,-1
156,166,ShakibAlHasan,27,21,2,1,128.57,13.5,1,1,0,0,0,15.5
157,167,DJHooda,5,9,0,0,55.55,2.5,0,0,0,0,-2,0.5
158,168,YKPathan,17,7,2,1,242.85,8.5,1,1,0,0,0,10.5
159,169,AMRahane,36,20,6,1,180,18,3,1,0,0,0,22
160,170,DJMShort,11,17,1,0,64.7,5.5,0.5,0,0,0,-1,5
161,171,SVSamson,92,45,2,10,204.44,46,1,10,4,0,0,61
162,172,BAStokes,27,21,2,1,128.57,13.5,1,1,0,0,0,15.5
163,173,JCButtler,23,14,2,1,164.28,11.5,1,1,0,0,0,13.5
164,174,RATripathi,14,5,1,1,280,7,0.5,1,0,0,0,8.5
165,176,BBMcCullum,4,4,1,0,100,2,0.5,0,0,0,0,2.5
166,177,QdeKock,26,19,4,0,136.84,13,2,0,0,0,0,15
167,178,VKohli,57,30,7,2,190,28.5,3.5,2,4,0,0,38
168,179,ABdeVilliers,20,18,1,1,111.11,10,0.5,1,0,0,0,11.5
169,180,MandeepSingh,47,25,6,1,188,23.5,3,1,0,0,0,27.5
170,181,PNegi,3,4,0,0,75,1.5,0,0,0,0,0,1.5
171,182,WashingtonSundar,35,19,1,3,184.21,17.5,0.5,3,0,0,0,21
172,183,CRWoakes,0,1,0,0,0,0,0,0,0,0,-3,-3
173,184,KLRahul,37,22,7,0,168.18,18.5,3.5,0,0,0,0,22
174,185,CHGayle,63,33,7,4,190.9,31.5,3.5,4,4,0,0,43
175,186,MAAgarwal,30,19,1,2,157.89,15,0.5,2,0,0,0,17.5
176,187,YuvrajSingh,20,13,2,1,153.84,10,1,1,0,0,0,12
177,188,AJFinch,0,1,0,0,0,0,0,0,0,0,-3,-3
178,189,KKNair,29,17,2,1,170.58,14.5,1,1,0,0,0,16.5
179,190,RAshwin,14,11,0,1,127.27,7,0,1,0,0,0,8
180,191,AJTye,3,4,0,0,75,1.5,0,0,0,0,0,1.5
182,194,SRWatson,11,9,2,0,122.22,5.5,1,0,0,0,0,6.5
183,195,MVijay,12,10,0,1,120,6,0,1,0,0,0,7
184,196,ATRayudu,49,35,5,1,140,24.5,2.5,1,0,0,0,28
185,197,SWBillings,9,8,1,0,112.5,4.5,0.5,0,0,0,0,5
186,198,MSDhoni,79,44,6,5,179.54,39.5,3,5,4,0,0,51.5
187,199,RAJadeja,19,13,1,1,146.15,9.5,0.5,1,0,0,0,11
188,200,DJBravo,1,1,0,0,100,0.5,0,0,0,0,0,0.5
189,201,CALynn,31,29,4,1,106.89,15.5,2,1,0,0,0,18.5
190,202,SPNarine,1,4,0,0,25,0.5,0,0,0,0,-3,-2.5
191,203,RVUthappa,35,19,2,3,184.21,17.5,1,3,0,0,0,21.5
192,204,NRana,59,35,5,4,168.57,29.5,2.5,4,4,0,0,40
193,205,KDKarthik,19,10,2,1,190,9.5,1,1,0,0,0,11.5
194,206,ADRussell,41,12,0,6,341.66,20.5,0,6,0,0,0,26.5
195,207,ShubmanGill,6,5,1,0,120,3,0.5,0,0,0,0,3.5
196,208,TKCurran,2,3,0,0,66.66,1,0,0,0,0,-1,0
197,209,PPChawla,0,3,0,0,0,0,0,0,0,0,-3,-3
199,212,GGambhir,8,7,1,0,114.28,4,0.5,0,0,0,0,4.5
200,213,JJRoy,1,3,0,0,33.33,0.5,0,0,0,0,-3,-2.5
201,214,SSIyer,4,3,1,0,133.33,2,0.5,0,0,0,0,2.5
202,215,RRPant,43,26,7,1,165.38,21.5,3.5,1,0,0,0,26
203,216,GJMaxwell,47,22,3,4,213.63,23.5,1.5,4,0,0,0,29
204,217,RTewatia,1,2,0,0,50,0.5,0,0,0,0,-2,-1.5
205,218,VShankar,2,4,0,0,50,1,0,0,0,0,-2,-1
206,219,CHMorris,2,3,0,0,66.66,1,0,0,0,0,-1,0
207,220,MohammedShami,7,6,1,0,116.66,3.5,0.5,0,0,0,0,4
208,221,SNadeem,6,8,0,0,75,3,0,0,0,0,0,3
209,222,TABoult,0,2,0,0,0,0,0,0,0,0,-3,-3
210,223,SAYadav,0,1,0,0,0,0,0,0,0,0,-3,-3
211,224,ELewis,65,42,6,5,154.76,32.5,3,5,4,0,0,44.5
212,225,IshanKishan,0,1,0,0,0,0,0,0,0,0,-3,-3
213,226,RGSharma,94,52,10,5,180.76,47,5,5,4,0,0,61
214,227,KHPandya,15,12,1,1,125,7.5,0.5,1,0,0,0,9
215,228,KAPollard,5,7,0,0,71.42,2.5,0,0,0,0,0,2.5
216,229,HHPandya,17,5,1,2,340,8.5,0.5,2,0,0,0,11
218,232,VKohli,92,62,7,4,148.38,46,3.5,4,4,0,0,57.5
219,233,QdeKock,19,12,2,1,158.33,9.5,1,1,0,0,0,11.5
220,234,ABdeVilliers,1,2,0,0,50,0.5,0,0,0,0,-2,-1.5
221,235,MandeepSingh,16,14,1,0,114.28,8,0.5,0,0,0,0,8.5
222,236,CJAnderson,0,1,0,0,0,0,0,0,0,0,-3,-3
223,237,WashingtonSundar,7,8,1,0,87.5,3.5,0.5,0,0,0,0,4
224,238,SNKhan,5,6,1,0,83.33,2.5,0.5,0,0,0,0,3
225,239,CRWoakes,11,11,0,1,100,5.5,0,1,0,0,0,6.5
226,240,UTYadav,1,2,0,0,50,0.5,0,0,0,0,-2,-1.5
227,241,MohammedSiraj,8,3,0,1,266.66,4,0,1,0,0,0,5
228,242,AMRahane,36,19,5,1,189.47,18,2.5,1,0,0,0,21.5
229,243,DJMShort,44,43,5,1,102.32,22,2.5,1,0,0,0,25.5
230,244,SVSamson,7,8,1,0,87.5,3.5,0.5,0,0,0,0,4
231,245,RATripathi,15,11,2,0,136.36,7.5,1,0,0,0,0,8.5
232,246,BAStokes,14,11,0,1,127.27,7,0,1,0,0,0,8
233,247,JCButtler,24,18,2,0,133.33,12,1,0,0,0,0,13
234,248,KGowtham,12,7,0,1,171.42,6,0,1,0,0,0,7
235,249,SGopal,0,1,0,0,0,0,0,0,0,0,-3,-3
236,250,DSKulkarni,3,3,0,0,100,1.5,0,0,0,0,0,1.5
238,253,SPNarine,35,25,5,1,140,17.5,2.5,1,0,0,0,21
239,254,CALynn,0,2,0,0,0,0,0,0,0,0,-3,-3
240,255,RVUthappa,48,36,6,2,133.33,24,3,2,0,0,0,29
241,256,NRana,35,27,2,1,129.62,17.5,1,1,0,0,0,19.5
242,257,KDKarthik,42,23,2,2,182.6,21,1,2,0,0,0,24
243,258,KLRahul,18,21,3,0,85.71,9,1.5,0,0,0,0,10.5
244,259,CHGayle,104,63,1,11,165.07,52,0.5,11,4,8,0,75.5
245,260,MAAgarwal,18,9,2,1,200,9,1,1,0,0,0,11
246,261,KKNair,31,21,3,1,147.61,15.5,1.5,1,0,0,0,18
247,262,AJFinch,14,6,1,1,233.33,7,0.5,1,0,0,0,8.5
248,264,WPSaha,6,7,1,0,85.71,3,0.5,0,0,0,0,3.5
249,265,SDhawan,0,1,0,0,0,0,0,0,0,0,-3,-3
250,266,KSWilliamson,54,41,3,2,131.7,27,1.5,2,4,0,0,34.5
251,267,YKPathan,19,13,3,0,146.15,9.5,1.5,0,0,0,0,11
252,268,MKPandey,57,42,3,1,135.71,28.5,1.5,1,4,0,0,35
253,269,DJHooda,5,5,0,0,100,2.5,0,0,0,0,0,2.5
254,270,ShakibAlHasan,24,12,1,2,200,12,0.5,2,0,0,0,14.5
255,271,SRWatson,106,57,9,6,185.96,53,4.5,6,4,8,0,75.5
256,272,ATRayudu,12,8,2,0,150,6,1,0,0,0,0,7
257,273,SKRaina,46,29,9,0,158.62,23,4.5,0,0,0,0,27.5
258,274,MSDhoni,5,3,1,0,166.66,2.5,0.5,0,0,0,0,3
259,275,SWBillings,3,7,0,0,42.85,1.5,0,0,0,0,-3,-1.5
260,276,DJBravo,24,16,4,0,150,12,2,0,0,0,0,14
261,277,RAJadeja,2,1,0,0,200,1,0,0,0,0,0,1
262,279,AMRahane,16,11,1,1,145.45,8,0.5,1,0,0,0,9.5
263,280,HKlaasen,7,7,1,0,100,3.5,0.5,0,0,0,0,4
264,281,SVSamson,2,3,0,0,66.66,1,0,0,0,0,-1,0
265,282,BAStokes,45,37,3,1,121.62,22.5,1.5,1,0,0,0,25
266,283,JCButtler,22,17,1,1,129.41,11,0.5,1,0,0,0,12.5
267,284,RATripathi,5,5,0,0,100,2.5,0,0,0,0,0,2.5
268,285,STRBinny,10,8,1,0,125,5,0.5,0,0,0,0,5.5
269,286,KGowtham,1,2,0,0,50,0.5,0,0,0,0,-2,-1.5
270,287,SGopal,8,10,0,0,80,4,0,0,0,0,0,4
271,288,JDUnadkat,16,10,3,0,160,8,1.5,0,0,0,0,9.5
272,289,BLaughlin,0,1,0,0,0,0,0,0,0,0,-3,-3
273,290,CALynn,74,41,6,4,180.48,37,3,4,4,0,0,48
274,291,SPNarine,1,4,0,0,25,0.5,0,0,0,0,-3,-2.5
275,292,RVUthappa,34,23,5,1,147.82,17,2.5,1,0,0,0,20.5
276,293,NRana,3,5,0,0,60,1.5,0,0,0,0,-1,0.5
277,294,KDKarthik,43,28,6,0,153.57,21.5,3,0,0,0,0,24.5
278,295,ADRussell,10,7,2,0,142.85,5,1,0,0,0,0,6
279,296,ShubmanGill,14,8,2,0,175,7,1,0,0,0,0,8
280,297,TKCurran,1,3,0,0,33.33,0.5,0,0,0,0,-3,-2.5
281,298,PPChawla,2,2,0,0,100,1,0,0,0,0,0,1
282,300,KLRahul,60,27,9,2,222.22,30,4.5,2,4,0,0,40.5
283,301,CHGayle,62,38,5,6,163.15,31,2.5,6,4,0,0,43.5
284,302,MAAgarwal,2,2,0,0,100,1,0,0,0,0,0,1
285,303,JJRoy,5,16,0,0,31.25,2.5,0,0,0,0,-3,-0.5
286,304,GGambhir,3,10,0,0,30,1.5,0,0,0,0,-3,-1.5
287,305,SSIyer,52,31,4,3,167.74,26,2,3,4,0,0,35
288,306,RRPant,85,48,6,7,177.08,42.5,3,7,4,0,0,56.5
289,307,GJMaxwell,4,6,0,0,66.66,2,0,0,0,0,-1,1
290,308,RTewatia,13,9,3,0,144.44,6.5,1.5,0,0,0,0,8
292,311,QdeKock,18,16,1,1,112.5,9,0.5,1,0,0,0,10.5
293,312,MVohra,2,5,0,0,40,1,0,0,0,0,-3,-2
294,313,VKohli,30,26,2,1,115.38,15,1,1,0,0,0,17
295,314,ABdeVilliers,90,39,10,5,230.76,45,5,5,4,0,0,59
296,315,CJAnderson,15,13,0,1,115.38,7.5,0,1,0,0,0,8.5
297,316,MandeepSingh,17,9,1,1,188.88,8.5,0.5,1,0,0,0,10
298,317,SRWatson,9,15,0,1,60,4.5,0,1,0,0,-1,4.5
299,318,FduPlessis,11,13,1,0,84.61,5.5,0.5,0,0,0,0,6
300,319,SKRaina,54,43,5,2,125.58,27,2.5,2,4,0,0,35.5
301,320,ATRayudu,79,37,9,4,213.51,39.5,4.5,4,4,0,0,52
302,321,MSDhoni,25,12,3,1,208.33,12.5,1.5,1,0,0,0,15
303,323,RKBhui,0,5,0,0,0,0,0,0,0,0,-3,-3
304,324,KSWilliamson,84,51,5,5,164.7,42,2.5,5,4,0,0,53.5
305,325,MKPandey,0,2,0,0,0,0,0,0,0,0,-3,-3
306,326,DJHooda,1,7,0,0,14.28,0.5,0,0,0,0,-3,-2.5
307,327,ShakibAlHasan,24,19,2,1,126.31,12,1,1,0,0,0,14
308,328,YKPathan,45,27,1,4,166.66,22.5,0.5,4,0,0,0,27
309,329,WPSaha,5,5,0,0,100,2.5,0,0,0,0,0,2.5
310,330,RashidKhan,17,4,1,2,425,8.5,0.5,2,0,0,0,11
311,331,SAYadav,72,47,6,3,153.19,36,3,3,4,0,0,46
312,332,ELewis,0,1,0,0,0,0,0,0,0,0,-3,-3
313,333,IshanKishan,58,42,4,3,138.09,29,2,3,4,0,0,38
314,334,KAPollard,21,20,1,1,105,10.5,0.5,1,0,0,0,12
315,335,RGSharma,0,1,0,0,0,0,0,0,0,0,-3,-3
316,336,KHPandya,7,6,1,0,116.66,3.5,0.5,0,0,0,0,4
317,337,HHPandya,4,2,1,0,200,2,0.5,0,0,0,0,2.5
318,338,MJMcClenaghan,0,1,0,0,0,0,0,0,0,0,-3,-3
319,339,MMarkande,0,1,0,0,0,0,0,0,0,0,-3,-3
320,341,AMRahane,14,17,1,0,82.35,7,0.5,0,0,0,0,7.5
321,342,RATripathi,9,8,1,0,112.5,4.5,0.5,0,0,0,0,5
322,343,SVSamson,52,39,4,0,133.33,26,2,0,4,0,0,32
323,344,BAStokes,40,27,3,1,148.14,20,1.5,1,0,0,0,22.5
324,345,JCButtler,6,8,0,0,75,3,0,0,0,0,0,3
325,346,HKlaasen,0,1,0,0,0,0,0,0,0,0,-3,-3
326,347,JCArcher,8,9,1,0,88.88,4,0.5,0,0,0,0,4.5
327,348,KGowtham,33,11,4,2,300,16.5,2,2,0,0,0,20.5
329,350,KLRahul,23,15,3,1,153.33,11.5,1.5,1,0,0,0,14
330,351,AJFinch,2,4,0,0,50,1,0,0,0,0,-2,-1
331,352,MAAgarwal,21,16,3,0,131.25,10.5,1.5,0,0,0,0,12
332,353,KKNair,34,32,4,0,106.25,17,2,0,0,0,0,19
333,354,YuvrajSingh,14,17,1,0,82.35,7,0.5,0,0,0,0,7.5
334,355,DAMiller,26,19,1,1,136.84,13,0.5,1,0,0,0,14.5
335,356,RAshwin,6,7,0,0,85.71,3,0,0,0,0,0,3
336,357,AJTye,3,9,0,0,33.33,1.5,0,0,0,0,-3,-1.5
337,358,BBSran,0,1,0,0,0,0,0,0,0,0,-3,-3
338,360,PPShaw,22,10,4,0,220,11,2,0,0,0,0,13
339,361,GGambhir,4,13,0,0,30.76,2,0,0,0,0,-3,-1
340,362,GJMaxwell,12,10,1,1,120,6,0.5,1,0,0,0,7.5
341,363,SSIyer,57,45,5,1,126.66,28.5,2.5,1,4,0,0,36
342,364,RRPant,4,7,0,0,57.14,2,0,0,0,0,-2,0
343,365,DTChristian,6,11,0,0,54.54,3,0,0,0,0,-2,1
344,366,RTewatia,24,21,1,1,114.28,12,0.5,1,0,0,0,13.5
345,367,LEPlunkett,0,1,0,0,0,0,0,0,0,0,-3,-3
346,368,AMishra,1,2,0,0,50,0.5,0,0,0,0,-2,-1.5
347,369,SDhawan,5,6,1,0,83.33,2.5,0.5,0,0,0,0,3
348,370,KSWilliamson,29,21,5,0,138.09,14.5,2.5,0,0,0,0,17
349,371,WPSaha,0,2,0,0,0,0,0,0,0,0,-3,-3
350,372,MKPandey,16,11,3,0,145.45,8,1.5,0,0,0,0,9.5
351,373,ShakibAlHasan,2,4,0,0,50,1,0,0,0,0,-2,-1
352,374,YKPathan,29,33,2,1,87.87,14.5,1,1,0,0,0,16.5
353,375,MohammadNabi,14,10,2,0,140,7,1,0,0,0,0,8
354,376,RashidKhan,6,9,0,0,66.66,3,0,0,0,0,-1,2
355,377,BasilThampi,3,6,0,0,50,1.5,0,0,0,0,-2,-0.5
356,378,SKaul,2,9,0,0,22.22,1,0,0,0,0,-3,-2
357,379,SandeepSharma,0,1,0,0,0,0,0,0,0,0,-3,-3
358,381,SAYadav,34,38,4,0,89.47,17,2,0,0,0,0,19
359,382,ELewis,5,9,1,0,55.55,2.5,0.5,0,0,0,-2,1
360,383,IshanKishan,0,3,0,0,0,0,0,0,0,0,-3,-3
361,384,RGSharma,2,6,0,0,33.33,1,0,0,0,0,-3,-2
362,385,KHPandya,24,20,4,0,120,12,2,0,0,0,0,14
363,386,KAPollard,9,6,0,1,150,4.5,0,1,0,0,0,5.5
364,387,HHPandya,3,19,0,0,15.78,1.5,0,0,0,0,-3,-1.5
365,388,MJMcClenaghan,0,2,0,0,0,0,0,0,0,0,-3,-3
366,389,MMarkande,1,2,0,0,50,0.5,0,0,0,0,-2,-1.5
367,390,JJBumrah,6,5,1,0,120,3,0.5,0,0,0,0,3.5
368,391,MustafizurRahman,1,3,0,0,33.33,0.5,0,0,0,0,-3,-2.5
369,392,QdeKock,53,37,1,4,143.24,26.5,0.5,4,4,0,0,35
370,393,VKohli,18,15,3,0,120,9,1.5,0,0,0,0,10.5
371,394,ABdeVilliers,68,30,2,8,226.66,34,1,8,4,0,0,47
372,395,CJAnderson,2,8,0,0,25,1,0,0,0,0,-3,-2
373,396,MandeepSingh,32,17,1,3,188.23,16,0.5,3,0,0,0,19.5
374,397,CdeGrandhomme,11,7,1,0,157.14,5.5,0.5,0,0,0,0,6
375,398,PNegi,0,1,0,0,0,0,0,0,0,0,-3,-3
376,399,WashingtonSundar,13,4,1,1,325,6.5,0.5,1,0,0,0,8
377,400,UTYadav,0,1,0,0,0,0,0,0,0,0,-3,-3
379,403,SRWatson,7,4,0,1,175,3.5,0,1,0,0,0,4.5
380,404,ATRayudu,82,53,3,8,154.71,41,1.5,8,4,0,0,54.5
381,405,SKRaina,11,9,2,0,122.22,5.5,1,0,0,0,0,6.5
382,406,SWBillings,9,7,2,0,128.57,4.5,1,0,0,0,0,5.5
383,407,RAJadeja,3,5,0,0,60,1.5,0,0,0,0,-1,0.5
384,408,MSDhoni,70,34,1,7,205.88,35,0.5,7,4,0,0,46.5
385,409,DJBravo,14,7,1,1,200,7,0.5,1,0,0,0,8.5
386,410,SDhawan,11,8,2,0,137.5,5.5,1,0,0,0,0,6.5
387,411,KSWilliamson,0,3,0,0,0,0,0,0,0,0,-3,-3
388,412,WPSaha,6,9,1,0,66.66,3,0.5,0,0,0,-1,2.5
389,413,MKPandey,54,51,3,1,105.88,27,1.5,1,4,0,0,33.5
390,414,ShakibAlHasan,28,29,3,0,96.55,14,1.5,0,0,0,0,15.5
391,415,YKPathan,21,19,1,1,110.52,10.5,0.5,1,0,0,0,12
392,416,MohammadNabi,4,2,1,0,200,2,0.5,0,0,0,0,2.5
393,418,KLRahul,32,26,4,1,123.07,16,2,1,0,0,0,19
394,419,CHGayle,23,22,1,2,104.54,11.5,0.5,2,0,0,0,14
395,420,MAAgarwal,12,15,0,0,80,6,0,0,0,0,0,6
396,421,KKNair,13,17,0,0,76.47,6.5,0,0,0,0,0,6.5
397,422,AJFinch,8,4,0,1,200,4,0,1,0,0,0,5
398,423,MKTiwary,1,5,0,0,20,0.5,0,0,0,0,-3,-2.5
399,424,RAshwin,4,6,0,0,66.66,2,0,0,0,0,-1,1
400,425,AJTye,4,2,1,0,200,2,0.5,0,0,0,0,2.5
401,426,BBSran,2,5,0,0,40,1,0,0,0,0,-3,-2
402,427,ASRajpoot,8,9,1,0,88.88,4,0.5,0,0,0,0,4.5
403,428,MujeebUrRahman,10,5,2,0,200,5,1,0,0,0,0,6
404,429,PPShaw,62,44,7,2,140.9,31,3.5,2,4,0,0,40.5
405,430,CMunro,33,18,4,2,183.33,16.5,2,2,0,0,0,20.5
406,431,SSIyer,93,40,3,10,232.5,46.5,1.5,10,4,0,0,62
407,432,RRPant,0,1,0,0,0,0,0,0,0,0,-3,-3
408,433,GJMaxwell,27,18,1,2,150,13.5,0.5,2,0,0,0,16
410,436,CALynn,5,6,1,0,83.33,2.5,0.5,0,0,0,0,3
411,437,SPNarine,26,9,1,3,288.88,13,0.5,3,0,0,0,16.5
412,438,RVUthappa,1,2,0,0,50,0.5,0,0,0,0,-2,-1.5
413,439,NRana,8,7,1,0,114.28,4,0.5,0,0,0,0,4.5
414,440,KDKarthik,18,18,0,1,100,9,0,1,0,0,0,10
415,441,ShubmanGill,37,29,3,1,127.58,18.5,1.5,1,0,0,0,21
416,442,ADRussell,44,30,3,4,146.66,22,1.5,4,0,0,0,27.5
417,443,ShivamMavi,0,3,0,0,0,0,0,0,0,0,-3,-3
418,444,PPChawla,2,4,0,0,50,1,0,0,0,0,-2,-1
419,445,MGJohnson,12,6,2,0,200,6,1,0,0,0,0,7
420,446,KuldeepYadav,7,6,1,0,116.66,3.5,0.5,0,0,0,0,4
421,447,SRWatson,12,11,1,0,109.09,6,0.5,0,0,0,0,6.5
422,448,ATRayudu,46,35,2,4,131.42,23,1,4,0,0,0,28
423,449,SKRaina,75,47,6,4,159.57,37.5,3,4,4,0,0,48.5
424,450,MSDhoni,26,21,3,1,123.8,13,1.5,1,0,0,0,15.5
425,451,DJBravo,0,1,0,0,0,0,0,0,0,0,-3,-3
426,452,SWBillings,3,5,0,0,60,1.5,0,0,0,0,-1,0.5
428,455,SAYadav,44,34,5,1,129.41,22,2.5,1,0,0,0,25.5
429,456,ELewis,47,43,3,2,109.3,23.5,1.5,2,0,0,0,27
430,457,RGSharma,56,33,6,2,169.69,28,3,2,4,0,0,37
431,458,HHPandya,13,8,0,1,162.5,6.5,0,1,0,0,0,7.5
432,459,ADHales,45,39,4,0,115.38,22.5,2,0,0,0,0,24.5
433,460,SDhawan,6,4,1,0,150,3,0.5,0,0,0,0,3.5
434,461,KSWilliamson,63,43,7,2,146.51,31.5,3.5,2,4,0,0,41
435,462,MKPandey,16,15,1,0,106.66,8,0.5,0,0,0,0,8.5
436,463,ShakibAlHasan,6,6,1,0,100,3,0.5,0,0,0,0,3.5
437,464,YKPathan,2,3,0,0,66.66,1,0,0,0,0,-1,0
438,465,WPSaha,11,7,1,0,157.14,5.5,0.5,0,0,0,0,6
439,466,RashidKhan,1,3,0,0,33.33,0.5,0,0,0,0,-3,-2.5
441,469,AMRahane,65,53,5,1,122.64,32.5,2.5,1,4,0,0,40
442,470,RATripathi,4,5,0,0,80,2,0,0,0,0,0,2
443,471,SVSamson,40,30,3,1,133.33,20,1.5,1,0,0,0,22.5
444,472,BAStokes,0,3,0,0,0,0,0,0,0,0,-3,-3
445,473,JCButtler,10,11,0,0,90.9,5,0,0,0,0,0,5
446,474,MKLomror,11,12,0,0,91.66,5.5,0,0,0,0,0,5.5
447,475,KGowtham,8,5,1,0,160,4,0.5,0,0,0,0,4.5
448,476,JCArcher,1,1,0,0,100,0.5,0,0,0,0,0,0.5
449,477,QdeKock,29,27,3,1,107.4,14.5,1.5,1,0,0,0,17
450,478,BBMcCullum,38,28,4,2,135.71,19,2,2,0,0,0,23
451,479,VKohli,68,44,5,3,154.54,34,2.5,3,4,0,0,43.5
452,480,MVohra,0,1,0,0,0,0,0,0,0,0,-3,-3
453,481,MandeepSingh,19,14,0,2,135.71,9.5,0,2,0,0,0,11.5
454,482,CdeGrandhomme,11,6,0,1,183.33,5.5,0,1,0,0,0,6.5
455,484,CALynn,62,52,7,1,119.23,31,3.5,1,4,0,0,39.5
456,485,SPNarine,27,19,3,1,142.1,13.5,1.5,1,0,0,0,16
457,486,RVUthappa,36,21,3,3,171.42,18,1.5,3,0,0,0,22.5
458,487,NRana,15,10,2,0,150,7.5,1,0,0,0,0,8.5
459,488,ADRussell,0,1,0,0,0,0,0,0,0,0,-3,-3
460,489,KDKarthik,23,10,2,1,230,11.5,1,1,0,0,0,13.5
461,490,ShubmanGill,5,2,1,0,250,2.5,0.5,0,0,0,0,3
462,491,SRWatson,78,40,4,7,195,39,2,7,4,0,0,52
463,492,FduPlessis,33,33,3,1,100,16.5,1.5,1,0,0,0,19
464,493,SKRaina,1,2,0,0,50,0.5,0,0,0,0,-2,-1.5
465,494,ATRayudu,41,24,5,1,170.83,20.5,2.5,1,0,0,0,24
466,495,MSDhoni,51,22,2,5,231.81,25.5,1,5,4,0,0,35.5
468,498,PPShaw,9,5,2,0,180,4.5,1,0,0,0,0,5.5
469,499,CMunro,26,16,3,2,162.5,13,1.5,2,0,0,0,16.5
470,500,SSIyer,13,14,1,0,92.85,6.5,0.5,0,0,0,0,7
471,501,RRPant,79,45,7,4,175.55,39.5,3.5,4,4,0,0,51
472,502,GJMaxwell,6,5,1,0,120,3,0.5,0,0,0,0,3.5
473,503,VShankar,54,31,1,5,174.19,27,0.5,5,4,0,0,36.5
474,504,RTewatia,3,4,0,0,75,1.5,0,0,0,0,0,1.5
475,505,MVohra,45,31,2,4,145.16,22.5,1,4,0,0,0,27.5
476,506,QdeKock,7,13,1,0,53.84,3.5,0.5,0,0,0,-2,2
477,507,BBMcCullum,37,25,4,2,148,18.5,2,2,0,0,0,22.5
478,508,VKohli,32,26,2,1,123.07,16,1,1,0,0,0,18
479,509,MandeepSingh,14,10,1,1,140,7,0.5,1,0,0,0,8.5
480,510,CdeGrandhomme,23,10,0,3,230,11.5,0,3,0,0,0,14.5
481,511,WashingtonSundar,1,3,0,0,33.33,0.5,0,0,0,0,-3,-2.5
482,512,TGSouthee,1,2,0,0,50,0.5,0,0,0,0,-2,-1.5
483,513,UTYadav,1,2,0,0,50,0.5,0,0,0,0,-2,-1.5
484,515,SAYadav,9,9,2,0,100,4.5,1,0,0,0,0,5.5
485,516,IshanKishan,0,1,0,0,0,0,0,0,0,0,-3,-3
486,517,JPDuminy,23,29,3,0,79.31,11.5,1.5,0,0,0,0,13
487,518,RGSharma,0,1,0,0,0,0,0,0,0,0,-3,-3
488,519,KAPollard,13,13,1,0,100,6.5,0.5,0,0,0,0,7
489,520,HHPandya,50,42,5,1,119.04,25,2.5,1,4,0,0,32.5
490,521,KHPandya,23,19,1,1,121.05,11.5,0.5,1,0,0,0,13
491,522,BCJCutting,12,6,1,1,200,6,0.5,1,0,0,0,7.5
493,524,PPShaw,47,25,4,4,188,23.5,2,4,0,0,0,29.5
494,525,CMunro,0,1,0,0,0,0,0,0,0,0,-3,-3
495,526,SSIyer,50,35,3,3,142.85,25,1.5,3,4,0,0,33.5
496,527,RRPant,69,29,7,5,237.93,34.5,3.5,5,4,0,0,47
497,528,GJMaxwell,5,5,0,0,100,2.5,0,0,0,0,0,2.5
498,529,VShankar,17,6,2,1,283.33,8.5,1,1,0,0,0,10.5
499,530,LEPlunkett,1,2,0,0,50,0.5,0,0,0,0,-2,-1.5
500,532,DJMShort,44,25,2,4,176,22,1,4,0,0,0,27
501,533,JCButtler,67,26,4,7,257.69,33.5,2,7,4,0,0,46.5
502,534,SVSamson,3,5,0,0,60,1.5,0,0,0,0,-1,0.5
503,535,BAStokes,1,2,0,0,50,0.5,0,0,0,0,-2,-1.5
504,536,RATripathi,9,8,1,0,112.5,4.5,0.5,0,0,0,0,5
505,537,KGowtham,18,6,2,1,300,9,1,1,0,0,0,11
507,539,SRWatson,36,25,4,2,144,18,2,2,0,0,0,22
508,540,FduPlessis,27,15,4,1,180,13.5,2,1,0,0,0,16.5
509,541,SKRaina,31,26,4,0,119.23,15.5,2,0,0,0,0,17.5
510,542,ATRayudu,21,17,3,0,123.52,10.5,1.5,0,0,0,0,12
511,543,MSDhoni,43,25,1,4,172,21.5,0.5,4,0,0,0,26
512,544,RAJadeja,12,12,1,0,100,6,0.5,0,0,0,0,6.5
514,547,CALynn,12,6,0,2,200,6,0,2,0,0,0,8
515,548,SPNarine,32,20,4,2,160,16,2,2,0,0,0,20
516,549,RVUthappa,6,8,1,0,75,3,0.5,0,0,0,0,3.5
517,550,ShubmanGill,57,36,6,2,158.33,28.5,3,2,4,0,0,37.5
518,551,RKSingh,16,18,2,0,88.88,8,1,0,0,0,0,9
519,552,KDKarthik,45,18,7,1,250,22.5,3.5,1,0,0,0,27
520,553,KLRahul,24,20,1,2,120,12,0.5,2,0,0,0,14.5
521,554,CHGayle,50,40,6,2,125,25,3,2,4,0,0,34
522,555,YuvrajSingh,14,14,0,1,100,7,0,1,0,0,0,8
523,556,KKNair,23,12,1,2,191.66,11.5,0.5,2,0,0,0,14
524,557,ARPatel,13,12,0,1,108.33,6.5,0,1,0,0,0,7.5
525,558,MPStoinis,29,15,2,2,193.33,14.5,1,2,0,0,0,17.5
526,559,MAAgarwal,11,7,0,1,157.14,5.5,0,1,0,0,0,6.5
528,562,SAYadav,57,42,6,3,135.71,28.5,3,3,4,0,0,38.5
529,563,ELewis,10,13,0,0,76.92,5,0,0,0,0,0,5
530,564,IshanKishan,25,19,0,3,131.57,12.5,0,3,0,0,0,15.5
531,565,HHPandya,23,13,2,1,176.92,11.5,1,1,0,0,0,13.5
532,566,RGSharma,24,15,1,2,160,12,0.5,2,0,0,0,14.5
533,567,KHPandya,31,12,4,2,258.33,15.5,2,2,0,0,0,19.5
534,568,PAPatel,53,41,5,2,129.26,26.5,2.5,2,4,0,0,35
535,569,BBMcCullum,5,3,1,0,166.66,2.5,0.5,0,0,0,0,3
536,570,VKohli,8,11,1,0,72.72,4,0.5,0,0,0,0,4.5
537,571,ABdeVilliers,1,4,0,0,25,0.5,0,0,0,0,-3,-2.5
538,572,MandeepSingh,7,13,0,0,53.84,3.5,0,0,0,0,-2,1.5
539,573,CdeGrandhomme,8,8,1,0,100,4,0.5,0,0,0,0,4.5
540,574,MAshwin,1,2,0,0,50,0.5,0,0,0,0,-2,-1.5
541,575,TGSouthee,36,26,3,1,138.46,18,1.5,1,0,0,0,20.5
542,576,UTYadav,1,5,0,0,20,0.5,0,0,0,0,-3,-2.5
543,577,MohammedSiraj,3,7,0,0,42.85,1.5,0,0,0,0,-3,-1.5
544,579,SRWatson,11,14,2,0,78.57,5.5,1,0,0,0,0,6.5
545,580,ATRayudu,32,25,3,2,128,16,1.5,2,0,0,0,19.5
546,581,SKRaina,25,21,2,1,119.04,12.5,1,1,0,0,0,14.5
547,582,DRShorey,8,9,0,1,88.88,4,0,1,0,0,0,5
548,583,MSDhoni,31,23,1,3,134.78,15.5,0.5,3,0,0,0,19
549,584,DJBravo,14,17,0,1,82.35,7,0,1,0,0,0,8
550,585,PPShaw,65,36,6,3,180.55,32.5,3,3,4,0,0,42.5
551,586,GJMaxwell,2,3,0,0,66.66,1,0,0,0,0,-1,0
552,587,SSIyer,44,36,3,2,122.22,22,1.5,2,0,0,0,25.5
553,588,RRPant,18,19,1,0,94.73,9,0.5,0,0,0,0,9.5
554,589,NVOjha,1,4,0,0,25,0.5,0,0,0,0,-3,-2.5
555,590,VShankar,23,13,1,1,176.92,11.5,0.5,1,0,0,0,13
556,591,DTChristian,7,9,0,0,77.77,3.5,0,0,0,0,0,3.5
557,593,ADHales,45,31,3,3,145.16,22.5,1.5,3,0,0,0,27
558,594,SDhawan,33,30,2,1,110,16.5,1,1,0,0,0,18.5
559,595,KSWilliamson,32,30,0,1,106.66,16,0,1,0,0,0,17
560,596,MKPandey,21,17,2,0,123.52,10.5,1,0,0,0,0,11.5
561,597,YKPathan,27,12,2,2,225,13.5,1,2,0,0,0,16.5
562,598,SAYadav,59,39,7,2,151.28,29.5,3.5,2,4,0,0,39
563,599,ELewis,43,28,5,2,153.57,21.5,2.5,2,0,0,0,26
564,600,RGSharma,11,11,1,0,100,5.5,0.5,0,0,0,0,6
565,601,HHPandya,35,20,4,1,175,17.5,2,1,0,0,0,20.5
566,602,KHPandya,14,11,1,1,127.27,7,0.5,1,0,0,0,8.5
567,603,JPDuminy,13,11,0,1,118.18,6.5,0,1,0,0,0,7.5
568,605,CALynn,17,13,4,0,130.76,8.5,2,0,0,0,0,10.5
569,606,ShubmanGill,7,5,1,0,140,3.5,0.5,0,0,0,0,4
570,607,RVUthappa,54,35,6,3,154.28,27,3,3,4,0,0,37
571,608,NRana,31,27,3,1,114.81,15.5,1.5,1,0,0,0,18
572,609,KDKarthik,36,26,5,1,138.46,18,2.5,1,0,0,0,21.5
573,610,ADRussell,9,10,1,0,90,4.5,0.5,0,0,0,0,5
574,611,SPNarine,5,4,1,0,125,2.5,0.5,0,0,0,0,3
576,613,JCButtler,51,39,7,0,130.76,25.5,3.5,0,4,0,0,33
577,614,DJMShort,2,2,0,0,100,1,0,0,0,0,0,1
578,615,AMRahane,5,7,0,0,71.42,2.5,0,0,0,0,0,2.5
579,616,SVSamson,28,23,2,1,121.73,14,1,1,0,0,0,16
580,617,BAStokes,12,9,2,0,133.33,6,1,0,0,0,0,7
581,618,RATripathi,11,13,1,0,84.61,5.5,0.5,0,0,0,0,6
582,619,JCArcher,0,1,0,0,0,0,0,0,0,0,-3,-3
583,620,KGowtham,5,3,1,0,166.66,2.5,0.5,0,0,0,0,3
584,621,SGopal,24,16,3,0,150,12,1.5,0,0,0,0,13.5
585,622,JDUnadkat,6,7,0,0,85.71,3,0,0,0,0,0,3
586,624,KLRahul,84,54,7,3,155.55,42,3.5,3,4,0,0,52.5
587,625,CHGayle,8,11,2,0,72.72,4,1,0,0,0,0,5
588,626,MAAgarwal,2,3,0,0,66.66,1,0,0,0,0,-1,0
589,627,KKNair,31,23,2,2,134.78,15.5,1,2,0,0,0,18.5
590,628,ARPatel,4,5,0,0,80,2,0,0,0,0,0,2
591,629,MPStoinis,23,16,2,1,143.75,11.5,1,1,0,0,0,13.5
592,630,ADHales,5,5,1,0,100,2.5,0.5,0,0,0,0,3
593,631,SDhawan,13,19,1,0,68.42,6.5,0.5,0,0,0,-1,6
594,632,KSWilliamson,56,39,5,2,143.58,28,2.5,2,4,0,0,36.5
595,633,MKPandey,5,7,0,0,71.42,2.5,0,0,0,0,0,2.5
596,634,ShakibAlHasan,35,32,5,0,109.37,17.5,2.5,0,0,0,0,20
597,635,YKPathan,12,7,2,0,171.42,6,1,0,0,0,0,7
598,636,WPSaha,8,5,0,1,160,4,0,1,0,0,0,5
599,637,RashidKhan,1,3,0,0,33.33,0.5,0,0,0,0,-3,-2.5
600,638,BKumar,1,2,0,0,50,0.5,0,0,0,0,-2,-1.5
601,639,SKaul,1,1,0,0,100,0.5,0,0,0,0,0,0.5
602,640,SandeepSharma,0,1,0,0,0,0,0,0,0,0,-3,-3
603,642,MVohra,8,10,0,0,80,4,0,0,0,0,0,4
604,643,PAPatel,20,13,4,0,153.84,10,2,0,0,0,0,12
605,644,VKohli,39,30,5,1,130,19.5,2.5,1,0,0,0,23
606,645,ABdeVilliers,5,8,0,0,62.5,2.5,0,0,0,0,-1,1.5
607,646,MMAli,10,7,2,0,142.85,5,1,0,0,0,0,6
608,647,MandeepSingh,21,23,1,0,91.3,10.5,0.5,0,0,0,0,11
609,648,CdeGrandhomme,33,29,1,2,113.79,16.5,0.5,2,0,0,0,19
610,649,AMRahane,9,10,1,0,90,4.5,0.5,0,0,0,0,5
611,650,JCButtler,82,58,9,1,141.37,41,4.5,1,4,0,0,50.5
612,651,KGowtham,8,6,0,1,133.33,4,0,1,0,0,0,5
613,652,SVSamson,22,18,1,1,122.22,11,0.5,1,0,0,0,12.5
614,653,BAStokes,14,11,1,0,127.27,7,0.5,0,0,0,0,7.5
615,654,STRBinny,11,7,0,1,157.14,5.5,0,1,0,0,0,6.5
616,655,MKLomror,9,9,1,0,100,4.5,0.5,0,0,0,0,5
617,656,JCArcher,0,1,0,0,0,0,0,0,0,0,-3,-3
618,657,JDUnadkat,0,1,0,0,0,0,0,0,0,0,-3,-3
619,659,KLRahul,95,70,11,2,135.71,47.5,5.5,2,4,0,0,59
620,660,CHGayle,1,1,0,0,100,0.5,0,0,0,0,0,0.5
621,661,RAshwin,0,2,0,0,0,0,0,0,0,0,-3,-3
622,662,KKNair,3,5,0,0,60,1.5,0,0,0,0,-1,0.5
623,663,ADNath,9,13,1,0,69.23,4.5,0.5,0,0,0,-1,4
624,664,MKTiwary,7,8,0,0,87.5,3.5,0,0,0,0,0,3.5
625,665,ARPatel,9,5,1,0,180,4.5,0.5,0,0,0,0,5
626,666,MPStoinis,11,16,0,0,68.75,5.5,0,0,0,0,-1,4.5
627,667,AJTye,1,1,0,0,100,0.5,0,0,0,0,0,0.5
628,668,SAYadav,36,32,5,1,112.5,18,2.5,1,0,0,0,21.5
629,669,ELewis,18,13,3,0,138.46,9,1.5,0,0,0,0,10.5
630,670,RGSharma,36,31,2,1,116.12,18,1,1,0,0,0,20
631,671,IshanKishan,62,21,5,6,295.23,31,2.5,6,4,0,0,43.5
632,672,HHPandya,19,13,0,2,146.15,9.5,0,2,0,0,0,11.5
633,673,BCJCutting,24,9,1,3,266.66,12,0.5,3,0,0,0,15.5
634,674,KHPandya,8,2,0,1,400,4,0,1,0,0,0,5
636,677,SPNarine,4,2,1,0,200,2,0.5,0,0,0,0,2.5
637,678,CALynn,21,15,3,1,140,10.5,1.5,1,0,0,0,13
638,679,RVUthappa,14,13,0,2,107.69,7,0,2,0,0,0,9
639,680,NRana,21,19,2,1,110.52,10.5,1,1,0,0,0,12.5
640,681,ADRussell,2,4,0,0,50,1,0,0,0,0,-2,-1
641,682,KDKarthik,5,3,1,0,166.66,2.5,0.5,0,0,0,0,3
642,683,RKSingh,5,3,1,0,166.66,2.5,0.5,0,0,0,0,3
643,684,TKCurran,18,17,3,0,105.88,9,1.5,0,0,0,0,10.5
644,685,PPChawla,11,13,1,0,84.61,5.5,0.5,0,0,0,0,6
645,686,KuldeepYadav,5,15,0,0,33.33,2.5,0,0,0,0,-3,-0.5
646,687,MPrasidhKrishna,1,5,0,0,20,0.5,0,0,0,0,-3,-2.5
